ISO-10303-21;
HEADER;
FILE_DESCRIPTION (( 'STEP AP214' ),
    '1' );
FILE_NAME ('Forging_second step mohammmaddd.STEP',
    '2024-05-30T13:09:55',
    ( '' ),
    ( '' ),
    'SwSTEP 2.0',
    'SolidWorks 2023',
    '' );
FILE_SCHEMA (( 'AUTOMOTIVE_DESIGN' ));
ENDSEC;

DATA;
#1 = DIRECTION ( 'NONE',  ( -1.000000000000000000, -0.000000000000000000, -0.000000000000000000 ) ) ;
#2 = VERTEX_POINT ( 'NONE', #1537 ) ;
#3 = CARTESIAN_POINT ( 'NONE',  ( 153.2058596236281574, 90.51559154352473513, 4.329326652448541225E-12 ) ) ;
#4 = EDGE_CURVE ( 'NONE', #776, #1002, #901, .T. ) ;
#5 = DIRECTION ( 'NONE',  ( -0.000000000000000000, -1.000000000000000000, -0.000000000000000000 ) ) ;
#6 = CIRCLE ( 'NONE', #521, 37.12616090293744975 ) ;
#7 = VERTEX_POINT ( 'NONE', #435 ) ;
#8 = FACE_OUTER_BOUND ( 'NONE', #1327, .T. ) ;
#9 = ADVANCED_FACE ( 'NONE', ( #675 ), #160, .F. ) ;
#10 = ORIENTED_EDGE ( 'NONE', *, *, #101, .T. ) ;
#11 = DIRECTION ( 'NONE',  ( 0.000000000000000000, 0.000000000000000000, -1.000000000000000000 ) ) ;
#12 = PRODUCT_CONTEXT ( 'NONE', #873, 'mechanical' ) ;
#13 = DIRECTION ( 'NONE',  ( -3.430248998885766570E-15, 1.000000000000000000, 3.491481338843133355E-15 ) ) ;
#14 = AXIS2_PLACEMENT_3D ( 'NONE', #1602, #163, #678 ) ;
#15 = VECTOR ( 'NONE', #1016, 1000.000000000000000 ) ;
#16 = DIRECTION ( 'NONE',  ( 3.430248998885766570E-15, -1.000000000000000000, -3.491481338843133355E-15 ) ) ;
#17 = DIRECTION ( 'NONE',  ( -1.000000000000000000, -3.430248998885766570E-15, 0.000000000000000000 ) ) ;
#18 = ORIENTED_EDGE ( 'NONE', *, *, #766, .T. ) ;
#19 = EDGE_CURVE ( 'NONE', #37, #1109, #1463, .T. ) ;
#20 = CARTESIAN_POINT ( 'NONE',  ( -58.24360147529162646, 171.5999999999997954, 0.000000000000000000 ) ) ;
#21 = CIRCLE ( 'NONE', #977, 3.000000000000002665 ) ;
#22 = AXIS2_PLACEMENT_3D ( 'NONE', #1027, #1671, #1034 ) ;
#23 = EDGE_CURVE ( 'NONE', #607, #1459, #541, .T. ) ;
#24 = CARTESIAN_POINT ( 'NONE',  ( -2.523071337566261223E-13, 93.55359154352422024, 2.568109922791049623E-13 ) ) ;
#25 = DIRECTION ( 'NONE',  ( 1.000000000000000000, 0.000000000000000000, 0.000000000000000000 ) ) ;
#26 = ORIENTED_EDGE ( 'NONE', *, *, #859, .F. ) ;
#27 = CARTESIAN_POINT ( 'NONE',  ( -2.675920687712485619E-13, 98.00951734354244138, 2.723687740571381781E-13 ) ) ;
#28 = ORIENTED_EDGE ( 'NONE', *, *, #50, .F. ) ;
#29 = DIRECTION ( 'NONE',  ( -3.430248998885766570E-15, 1.000000000000000000, 3.491481338843133355E-15 ) ) ;
#30 = ADVANCED_FACE ( 'NONE', ( #826 ), #1080, .F. ) ;
#31 = DIRECTION ( 'NONE',  ( -1.000000000000000000, -1.394137954649049818E-16, 0.000000000000000000 ) ) ;
#32 = DIRECTION ( 'NONE',  ( 1.000000000000000000, 0.000000000000000000, 0.000000000000000000 ) ) ;
#33 = CIRCLE ( 'NONE', #62, 153.2058596236283847 ) ;
#34 = ORIENTED_EDGE ( 'NONE', *, *, #1041, .T. ) ;
#35 = EDGE_CURVE ( 'NONE', #365, #1143, #393, .T. ) ;
#36 = LINE ( 'NONE', #713, #281 ) ;
#37 = VERTEX_POINT ( 'NONE', #1334 ) ;
#38 = CARTESIAN_POINT ( 'NONE',  ( -1.074439441689633747E-12, 333.2249122552443055, 0.000000000000000000 ) ) ;
#39 = AXIS2_PLACEMENT_3D ( 'NONE', #1515, #366, #866 ) ;
#40 = CARTESIAN_POINT ( 'NONE',  ( -107.6170715407787526, 117.1999999999995055, 3.393719861355521330E-13 ) ) ;
#41 = DIRECTION ( 'NONE',  ( 1.000000000000000000, 3.430248998885766570E-15, 1.217896934223037458E-29 ) ) ;
#42 = PRODUCT_DEFINITION_SHAPE ( 'NONE', 'NONE',  #352 ) ;
#43 = AXIS2_PLACEMENT_3D ( 'NONE', #1480, #189, #716 ) ;
#44 = ORIENTED_EDGE ( 'NONE', *, *, #1501, .F. ) ;
#45 = FACE_OUTER_BOUND ( 'NONE', #127, .T. ) ;
#46 = ADVANCED_FACE ( 'NONE', ( #930 ), #792, .F. ) ;
#47 = ORIENTED_EDGE ( 'NONE', *, *, #1401, .T. ) ;
#48 = CIRCLE ( 'NONE', #1567, 3.999999999999996447 ) ;
#49 = DIRECTION ( 'NONE',  ( 0.000000000000000000, -0.000000000000000000, -1.000000000000000000 ) ) ;
#50 = EDGE_CURVE ( 'NONE', #1495, #648, #1073, .T. ) ;
#51 = CARTESIAN_POINT ( 'NONE',  ( -144.3107064399682145, 98.00951734354192979, -9.860761315262647568E-29 ) ) ;
#52 = ORIENTED_EDGE ( 'NONE', *, *, #1529, .F. ) ;
#53 = EDGE_CURVE ( 'NONE', #234, #945, #1576, .T. ) ;
#54 = CARTESIAN_POINT ( 'NONE',  ( 0.000000000000000000, 134.2956763136713221, 24.12358593926074590 ) ) ;
#55 = EDGE_CURVE ( 'NONE', #1029, #550, #1553, .T. ) ;
#56 = EDGE_LOOP ( 'NONE', ( #1392, #637, #247, #268 ) ) ;
#57 = DIRECTION ( 'NONE',  ( 0.000000000000000000, -1.000000000000000000, 0.000000000000000000 ) ) ;
#58 = DIRECTION ( 'NONE',  ( -1.000000000000000000, -3.738007774112845230E-15, 1.776356839400237843E-15 ) ) ;
#59 = DIRECTION ( 'NONE',  ( -3.430248998885766570E-15, 1.000000000000000000, 3.491481338843133355E-15 ) ) ;
#60 = ORIENTED_EDGE ( 'NONE', *, *, #588, .T. ) ;
#61 = DIRECTION ( 'NONE',  ( 1.000000000000000000, 3.293993817486155698E-15, 1.170261689326734604E-29 ) ) ;
#62 = AXIS2_PLACEMENT_3D ( 'NONE', #562, #1091, #427 ) ;
#63 = VERTEX_POINT ( 'NONE', #1435 ) ;
#64 = CIRCLE ( 'NONE', #1253, 83.78217822076378241 ) ;
#65 = FACE_OUTER_BOUND ( 'NONE', #1101, .T. ) ;
#66 = AXIS2_PLACEMENT_3D ( 'NONE', #1398, #1248, #746 ) ;
#67 = LINE ( 'NONE', #719, #1437 ) ;
#68 = CARTESIAN_POINT ( 'NONE',  ( -1.783108129156984345E-13, 71.98188614692938359, 1.814937854398723102E-13 ) ) ;
#69 = ORIENTED_EDGE ( 'NONE', *, *, #1257, .T. ) ;
#70 = CONICAL_SURFACE ( 'NONE', #1337, 26.10000000000017195, 0.1047197551196590720 ) ;
#71 = DIRECTION ( 'NONE',  ( 3.430248998885766570E-15, -1.000000000000000000, -3.491481338843133355E-15 ) ) ;
#72 = VERTEX_POINT ( 'NONE', #1443 ) ;
#73 = DIRECTION ( 'NONE',  ( -3.430248998885766570E-15, 1.000000000000000000, 3.491481338843133355E-15 ) ) ;
#74 = EDGE_CURVE ( 'NONE', #648, #282, #1569, .T. ) ;
#75 = EDGE_CURVE ( 'NONE', #721, #382, #1525, .T. ) ;
#76 = CARTESIAN_POINT ( 'NONE',  ( -72.99838382280915994, 142.6999999999997328, 4.284047602760523680E-13 ) ) ;
#77 = CARTESIAN_POINT ( 'NONE',  ( -2.523071337566258193E-13, 93.55359154352413498, 2.568109922791046089E-13 ) ) ;
#78 = CIRCLE ( 'NONE', #1453, 42.20161617719169556 ) ;
#79 = VECTOR ( 'NONE', #1363, 1000.000000000000000 ) ;
#80 = ORIENTED_EDGE ( 'NONE', *, *, #867, .F. ) ;
#81 = CARTESIAN_POINT ( 'NONE',  ( -2.853338792450455382E-13, 103.1816813699908550, -19.15097646241856211 ) ) ;
#82 = ORIENTED_EDGE ( 'NONE', *, *, #955, .T. ) ;
#83 = CARTESIAN_POINT ( 'NONE',  ( 0.000000000000000000, 90.51559154352473513, -153.2058596236281289 ) ) ;
#84 = PRODUCT_CONTEXT ( 'NONE', #926, 'mechanical' ) ;
#85 = ADVANCED_FACE ( 'NONE', ( #1309 ), #1341, .T. ) ;
#86 = DIRECTION ( 'NONE',  ( -1.000000000000000000, -0.000000000000000000, -0.000000000000000000 ) ) ;
#87 = CARTESIAN_POINT ( 'NONE',  ( 0.000000000000000000, 93.55359154352457551, 127.7944423366334803 ) ) ;
#88 = EDGE_LOOP ( 'NONE', ( #355, #558, #306, #1663 ) ) ;
#89 = CARTESIAN_POINT ( 'NONE',  ( 3.952501399101429693E-13, -95.22491225521257263, 0.000000000000000000 ) ) ;
#90 = VERTEX_POINT ( 'NONE', #1316 ) ;
#91 = CARTESIAN_POINT ( 'NONE',  ( -4.428451457561530515E-13, 149.1000000000000796, 4.507502408446488759E-13 ) ) ;
#92 = AXIS2_PLACEMENT_3D ( 'NONE', #662, #1583, #415 ) ;
#93 = DIRECTION ( 'NONE',  ( 0.000000000000000000, -0.2604770311595187571, -0.9654800444537023907 ) ) ;
#94 = DIRECTION ( 'NONE',  ( 3.430248998885766570E-15, -1.000000000000000000, -3.491481338843133355E-15 ) ) ;
#95 = COLOUR_RGB ( '',0.7921568627450980005, 0.8196078431372548767, 0.9333333333333333481 ) ;
#96 = ORIENTED_EDGE ( 'NONE', *, *, #634, .F. ) ;
#97 = CARTESIAN_POINT ( 'NONE',  ( 0.000000000000000000, 68.40000000000031832, -108.1983838228083101 ) ) ;
#98 = CIRCLE ( 'NONE', #744, 5.000000000000000888 ) ;
#99 = ORIENTED_EDGE ( 'NONE', *, *, #343, .F. ) ;
#100 = DIRECTION ( 'NONE',  ( -3.430248998885766570E-15, 1.000000000000000000, 3.491481338843133355E-15 ) ) ;
#101 = EDGE_CURVE ( 'NONE', #1371, #1530, #947, .T. ) ;
#102 = CARTESIAN_POINT ( 'NONE',  ( -4.484586317516929625E-14, 226.2438486603470267, 4.144285480969930520E-14 ) ) ;
#103 = DIRECTION ( 'NONE',  ( 1.000000000000000000, 3.444926957645321891E-15, -1.776356839400238632E-15 ) ) ;
#104 = CARTESIAN_POINT ( 'NONE',  ( -70.18603997552784790, 151.6999999999997328, 4.598280923256406061E-13 ) ) ;
#105 = EDGE_CURVE ( 'NONE', #397, #481, #1202, .T. ) ;
#106 = ORIENTED_EDGE ( 'NONE', *, *, #920, .T. ) ;
#107 = DIRECTION ( 'NONE',  ( -1.000000000000000000, -0.000000000000000000, -0.000000000000000000 ) ) ;
#108 = AXIS2_PLACEMENT_3D ( 'NONE', #1335, #177, #694 ) ;
#109 = CIRCLE ( 'NONE', #426, 113.8420887834187027 ) ;
#110 = VERTEX_POINT ( 'NONE', #1082 ) ;
#111 = DIRECTION ( 'NONE',  ( -3.430248998885766570E-15, 1.000000000000000000, 3.491481338843133355E-15 ) ) ;
#112 = EDGE_CURVE ( 'NONE', #1109, #1078, #681, .T. ) ;
#113 = SHAPE_REPRESENTATION ( 'lower_mold_mohammmamdddd', ( #1113 ), #1621 ) ;
#114 = DIRECTION ( 'NONE',  ( -1.000000000000000000, -0.000000000000000000, -0.000000000000000000 ) ) ;
#115 = ORIENTED_EDGE ( 'NONE', *, *, #1589, .T. ) ;
#116 = PLANE ( 'NONE',  #1240 ) ;
#117 = EDGE_LOOP ( 'NONE', ( #754, #1164, #809, #1643 ) ) ;
#118 = CARTESIAN_POINT ( 'NONE',  ( 26.09999999999971365, 153.1000000000001933, 0.000000000000000000 ) ) ;
#119 = CARTESIAN_POINT ( 'NONE',  ( 79.28015799927416651, 121.2000000000001592, 0.000000000000000000 ) ) ;
#120 = ORIENTED_EDGE ( 'NONE', *, *, #146, .T. ) ;
#121 = MECHANICAL_DESIGN_GEOMETRIC_PRESENTATION_REPRESENTATION (  '', ( #1259 ), #1100 ) ;
#122 = ORIENTED_EDGE ( 'NONE', *, *, #1654, .F. ) ;
#123 = DIRECTION ( 'NONE',  ( 0.000000000000000000, -0.000000000000000000, -1.000000000000000000 ) ) ;
#124 = EDGE_CURVE ( 'NONE', #684, #975, #33, .T. ) ;
#125 = PLANE ( 'NONE',  #900 ) ;
#126 = EDGE_CURVE ( 'NONE', #1564, #365, #664, .T. ) ;
#127 = EDGE_LOOP ( 'NONE', ( #828, #895, #642, #632 ) ) ;
#128 = CARTESIAN_POINT ( 'NONE',  ( 4.011514446386570024E-12, -1149.452843711816058, -4.083122780476841252E-12 ) ) ;
#129 = EDGE_LOOP ( 'NONE', ( #1097, #69, #1199, #1383 ) ) ;
#130 = DIRECTION ( 'NONE',  ( 1.000000000000000000, 3.463988960914787460E-15, -1.776356839400238632E-15 ) ) ;
#131 = AXIS2_PLACEMENT_3D ( 'NONE', #379, #1664, #906 ) ;
#132 = CARTESIAN_POINT ( 'NONE',  ( 153.2058596236281574, 90.51559154352472092, 0.000000000000000000 ) ) ;
#133 = EDGE_CURVE ( 'NONE', #180, #282, #301, .T. ) ;
#134 = ORIENTED_EDGE ( 'NONE', *, *, #793, .F. ) ;
#135 = DIRECTION ( 'NONE',  ( 0.000000000000000000, 0.000000000000000000, -1.000000000000000000 ) ) ;
#136 = ORIENTED_EDGE ( 'NONE', *, *, #766, .F. ) ;
#137 =( NAMED_UNIT ( * ) SI_UNIT ( $, .STERADIAN. ) SOLID_ANGLE_UNIT ( ) );
#138 = APPLICATION_CONTEXT ( 'automotive_design' ) ;
#139 = SHAPE_DEFINITION_REPRESENTATION ( #312, #756 ) ;
#140 = CARTESIAN_POINT ( 'NONE',  ( -1.797450475416138543E-13, 68.40000000000011937, -42.20161617719111291 ) ) ;
#141 = AXIS2_PLACEMENT_3D ( 'NONE', #671, #545, #1425 ) ;
#142 = VERTEX_POINT ( 'NONE', #231 ) ;
#143 = CARTESIAN_POINT ( 'NONE',  ( -42.20161617719220004, 167.5999999999998806, 5.153426456132465590E-13 ) ) ;
#144 = VERTEX_POINT ( 'NONE', #708 ) ;
#145 = CIRCLE ( 'NONE', #886, 153.2058596236283847 ) ;
#146 = EDGE_CURVE ( 'NONE', #110, #397, #1018, .T. ) ;
#147 = EDGE_LOOP ( 'NONE', ( #1180, #1192, #1312, #463 ) ) ;
#148 = CARTESIAN_POINT ( 'NONE',  ( -25.72352859571889283, 149.5181138530708154, 0.000000000000000000 ) ) ;
#149 = AXIS2_PLACEMENT_3D ( 'NONE', #102, #1014, #342 ) ;
#150 = AXIS2_PLACEMENT_3D ( 'NONE', #976, #1320, #1588 ) ;
#151 = CARTESIAN_POINT ( 'NONE',  ( -3.976945375822817405E-12, 1179.375129069240302, 0.000000000000000000 ) ) ;
#152 = DIRECTION ( 'NONE',  ( 1.000000000000000000, 3.404862715321106005E-15, 1.209650234315910924E-29 ) ) ;
#153 = ORIENTED_EDGE ( 'NONE', *, *, #1501, .T. ) ;
#154 = SURFACE_STYLE_FILL_AREA ( #1408 ) ;
#155 = ORIENTED_EDGE ( 'NONE', *, *, #920, .F. ) ;
#156 = DIRECTION ( 'NONE',  ( 1.000000000000000000, 0.000000000000000000, 0.000000000000000000 ) ) ;
#157 = CIRCLE ( 'NONE', #1111, 5.000000000000004441 ) ;
#158 = EDGE_CURVE ( 'NONE', #616, #288, #1147, .T. ) ;
#159 = AXIS2_PLACEMENT_3D ( 'NONE', #1271, #114, #636 ) ;
#160 = PLANE ( 'NONE',  #692 ) ;
#161 = FILL_AREA_STYLE ('',( #1074 ) ) ;
#162 = EDGE_LOOP ( 'NONE', ( #1399, #290, #969, #706 ) ) ;
#163 = DIRECTION ( 'NONE',  ( -3.430248998885766570E-15, 1.000000000000000000, 3.491481338843133355E-15 ) ) ;
#164 = EDGE_LOOP ( 'NONE', ( #1329, #651, #953, #1374 ) ) ;
#165 = CARTESIAN_POINT ( 'NONE',  ( -4.346125481588266785E-13, 146.7000000000000171, 4.423706856314250529E-13 ) ) ;
#166 = EDGE_CURVE ( 'NONE', #921, #1548, #1251, .T. ) ;
#167 = ADVANCED_FACE ( 'NONE', ( #973 ), #992, .F. ) ;
#168 = EDGE_CURVE ( 'NONE', #509, #737, #255, .T. ) ;
#169 = CARTESIAN_POINT ( 'NONE',  ( 65.99054181964052646, 146.7000000000002160, 0.000000000000000000 ) ) ;
#170 = CARTESIAN_POINT ( 'NONE',  ( -4.346125481588264260E-13, 146.6999999999999602, 4.423706856314249015E-13 ) ) ;
#171 = ORIENTED_EDGE ( 'NONE', *, *, #50, .T. ) ;
#172 = CARTESIAN_POINT ( 'NONE',  ( 114.1244423366296843, 93.55359154352461815, 0.000000000000000000 ) ) ;
#173 = ORIENTED_EDGE ( 'NONE', *, *, #375, .F. ) ;
#174 = DIRECTION ( 'NONE',  ( 3.430248998885766570E-15, -1.000000000000000000, -3.491481338843133355E-15 ) ) ;
#175 = CIRCLE ( 'NONE', #1128, 107.6170715407784115 ) ;
#176 = DIRECTION ( 'NONE',  ( 1.000000000000000000, 3.500948574784992885E-15, 1.181597449589497465E-29 ) ) ;
#177 = DIRECTION ( 'NONE',  ( 3.430248998885766570E-15, -1.000000000000000000, -3.491481338843133355E-15 ) ) ;
#178 = PRODUCT_RELATED_PRODUCT_CATEGORY ( 'part', '', ( #817 ) ) ;
#179 = AXIS2_PLACEMENT_3D ( 'NONE', #1599, #16, #176 ) ;
#180 = VERTEX_POINT ( 'NONE', #1107 ) ;
#181 = DIRECTION ( 'NONE',  ( -1.000000000000000000, -3.595281815495941061E-15, -1.277300688505512859E-29 ) ) ;
#182 = ORIENTED_EDGE ( 'NONE', *, *, #394, .F. ) ;
#183 = DIRECTION ( 'NONE',  ( -0.1045284632676415498, 0.9945218953682745111, 0.000000000000000000 ) ) ;
#184 = AXIS2_PLACEMENT_3D ( 'NONE', #170, #59, #557 ) ;
#185 = DIRECTION ( 'NONE',  ( 1.000000000000000000, 3.469446951953611033E-15, 0.000000000000000000 ) ) ;
#186 = EDGE_LOOP ( 'NONE', ( #153, #1145, #576, #630 ) ) ;
#187 = CARTESIAN_POINT ( 'NONE',  ( -2.874686294513771466E-13, 108.1816813699907698, 3.078846949311340241E-13 ) ) ;
#188 = ORIENTED_EDGE ( 'NONE', *, *, #1539, .F. ) ;
#189 = DIRECTION ( 'NONE',  ( -3.430248998885766570E-15, 1.000000000000000000, 3.491481338843133355E-15 ) ) ;
#190 = CARTESIAN_POINT ( 'NONE',  ( 165.0000000000000284, 240.0000000000000000, 0.000000000000000000 ) ) ;
#191 = LINE ( 'NONE', #1254, #952 ) ;
#192 = VERTEX_POINT ( 'NONE', #871 ) ;
#193 = LINE ( 'NONE', #289, #1131 ) ;
#194 = AXIS2_PLACEMENT_3D ( 'NONE', #1226, #1099, #1491 ) ;
#195 = ORIENTED_EDGE ( 'NONE', *, *, #1609, .T. ) ;
#196 = CIRCLE ( 'NONE', #141, 37.12616090293715843 ) ;
#197 = LINE ( 'NONE', #38, #448 ) ;
#198 = EDGE_CURVE ( 'NONE', #432, #365, #492, .T. ) ;
#199 = CIRCLE ( 'NONE', #1153, 5.000000000000004441 ) ;
#200 = DIRECTION ( 'NONE',  ( -1.000000000000000000, -0.000000000000000000, -0.000000000000000000 ) ) ;
#201 = CARTESIAN_POINT ( 'NONE',  ( 36.65557164758482855, 86.90000000000023306, 0.000000000000000000 ) ) ;
#202 =( GEOMETRIC_REPRESENTATION_CONTEXT ( 3 ) GLOBAL_UNCERTAINTY_ASSIGNED_CONTEXT ( ( #569 ) ) GLOBAL_UNIT_ASSIGNED_CONTEXT ( ( #460, #209, #1534 ) ) REPRESENTATION_CONTEXT ( 'NONE', 'WORKASPACE' ) );
#203 = EDGE_LOOP ( 'NONE', ( #1281, #380, #1189, #542 ) ) ;
#204 = AXIS2_PLACEMENT_3D ( 'NONE', #356, #457, #489 ) ;
#205 = FACE_OUTER_BOUND ( 'NONE', #164, .T. ) ;
#206 = VERTEX_POINT ( 'NONE', #1121 ) ;
#207 = LINE ( 'NONE', #118, #334 ) ;
#208 = EDGE_CURVE ( 'NONE', #536, #1063, #67, .T. ) ;
#209 =( NAMED_UNIT ( * ) PLANE_ANGLE_UNIT ( ) SI_UNIT ( $, .RADIAN. ) );
#210 = EDGE_CURVE ( 'NONE', #625, #72, #1379, .T. ) ;
#211 = DIRECTION ( 'NONE',  ( 3.430248998885766570E-15, -1.000000000000000000, -3.491481338843133355E-15 ) ) ;
#212 = CARTESIAN_POINT ( 'NONE',  ( -2.432046540210010640E-13, 86.90000000000020464, -29.49140770665963984 ) ) ;
#213 = TOROIDAL_SURFACE ( 'NONE', #1568, 70.18603997552739315, 5.000000000000000000 ) ;
#214 = CIRCLE ( 'NONE', #980, 32.15355142609579531 ) ;
#215 = ORIENTED_EDGE ( 'NONE', *, *, #133, .T. ) ;
#216 = DIRECTION ( 'NONE',  ( 0.000000000000000000, 0.000000000000000000, -1.000000000000000000 ) ) ;
#217 = EDGE_LOOP ( 'NONE', ( #1657, #238, #1457 ) ) ;
#218 = PLANE ( 'NONE',  #413 ) ;
#219 = CARTESIAN_POINT ( 'NONE',  ( 0.000000000000000000, 0.000000000000000000, 0.000000000000000000 ) ) ;
#220 = CARTESIAN_POINT ( 'NONE',  ( -2.315952903013544280E-13, 87.51559154352459302, -116.8256544695232861 ) ) ;
#221 = CARTESIAN_POINT ( 'NONE',  ( -78.80956874392278166, 125.6773576836614552, 3.707953181851403206E-13 ) ) ;
#222 = ADVANCED_FACE ( 'NONE', ( #1244 ), #519, .F. ) ;
#223 = EDGE_CURVE ( 'NONE', #206, #958, #1236, .T. ) ;
#224 = ORIENTED_EDGE ( 'NONE', *, *, #1508, .T. ) ;
#225 = DIRECTION ( 'NONE',  ( -0.000000000000000000, 0.9945218953682748442, -0.1045284632676396347 ) ) ;
#226 = ORIENTED_EDGE ( 'NONE', *, *, #893, .F. ) ;
#227 = CARTESIAN_POINT ( 'NONE',  ( -165.0000000000000284, 92.03459154352475480, 0.000000000000000000 ) ) ;
#228 = CARTESIAN_POINT ( 'NONE',  ( 0.000000000000000000, 0.000000000000000000, 0.000000000000000000 ) ) ;
#229 = CIRCLE ( 'NONE', #1661, 116.8256544695235135 ) ;
#230 = EDGE_CURVE ( 'NONE', #509, #1280, #935, .T. ) ;
#231 = CARTESIAN_POINT ( 'NONE',  ( 116.8256544695232861, 90.51559154352459302, 0.000000000000000000 ) ) ;
#232 = DIRECTION ( 'NONE',  ( -1.000000000000000000, -3.267623237806503467E-15, -1.225387031712829925E-29 ) ) ;
#233 = EDGE_CURVE ( 'NONE', #648, #780, #851, .T. ) ;
#234 = VERTEX_POINT ( 'NONE', #446 ) ;
#235 = DIRECTION ( 'NONE',  ( 1.000000000000000000, 3.407397147455447336E-15, 1.210550645487077523E-29 ) ) ;
#236 = ADVANCED_FACE ( 'NONE', ( #1518 ), #1150, .T. ) ;
#237 = CIRCLE ( 'NONE', #529, 4.000000000000003553 ) ;
#238 = ORIENTED_EDGE ( 'NONE', *, *, #1401, .F. ) ;
#239 = FACE_OUTER_BOUND ( 'NONE', #1183, .T. ) ;
#240 = CIRCLE ( 'NONE', #416, 153.2058596236283847 ) ;
#241 = DIRECTION ( 'NONE',  ( 0.000000000000000000, 0.000000000000000000, 1.000000000000000000 ) ) ;
#242 = DIRECTION ( 'NONE',  ( 1.000000000000000000, 0.000000000000000000, 0.000000000000000000 ) ) ;
#243 = ORIENTED_EDGE ( 'NONE', *, *, #223, .T. ) ;
#244 = DIRECTION ( 'NONE',  ( 3.430248998885766570E-15, -1.000000000000000000, -3.491481338843133355E-15 ) ) ;
#245 = CIRCLE ( 'NONE', #1084, 5.000000000000000888 ) ;
#246 = EDGE_CURVE ( 'NONE', #1413, #1381, #711, .T. ) ;
#247 = ORIENTED_EDGE ( 'NONE', *, *, #1235, .T. ) ;
#248 = CARTESIAN_POINT ( 'NONE',  ( 199.0877267423359172, 92.03459154352479743, 0.000000000000000000 ) ) ;
#249 = DIRECTION ( 'NONE',  ( 0.000000000000000000, 0.000000000000000000, -1.000000000000000000 ) ) ;
#250 = CARTESIAN_POINT ( 'NONE',  ( 0.000000000000000000, -195.6544679329817313, -7.529535504261506553E-13 ) ) ;
#251 = DIRECTION ( 'NONE',  ( 3.430248998885766570E-15, -1.000000000000000000, -3.491481338843133355E-15 ) ) ;
#252 = ORIENTED_EDGE ( 'NONE', *, *, #1424, .T. ) ;
#253 = CONTEXT_DEPENDENT_SHAPE_REPRESENTATION ( #376, #957 ) ;
#254 = EDGE_CURVE ( 'NONE', #1002, #449, #6, .T. ) ;
#255 = CIRCLE ( 'NONE', #1635, 4.000000000000003553 ) ;
#256 = DIRECTION ( 'NONE',  ( 0.000000000000000000, 0.000000000000000000, -1.000000000000000000 ) ) ;
#257 = ORIENTED_EDGE ( 'NONE', *, *, #1547, .F. ) ;
#258 = DIRECTION ( 'NONE',  ( 1.000000000000000000, 2.898643765591145358E-15, 1.029805135598545490E-29 ) ) ;
#259 = TOROIDAL_SURFACE ( 'NONE', #1051, 116.8256544695234709, 3.000000000000000000 ) ;
#260 = EDGE_LOOP ( 'NONE', ( #1639, #257, #1440, #1293 ) ) ;
#261 = CARTESIAN_POINT ( 'NONE',  ( 0.000000000000000000, 92.03459154352476901, -165.0000000000000284 ) ) ;
#262 = LINE ( 'NONE', #402, #573 ) ;
#263 = CONICAL_SURFACE ( 'NONE', #1081, 65.99054181964096699, 0.1745329251994315600 ) ;
#264 = ORIENTED_EDGE ( 'NONE', *, *, #634, .T. ) ;
#265 = CARTESIAN_POINT ( 'NONE',  ( 0.000000000000000000, 240.0000000000000000, 0.000000000000000000 ) ) ;
#266 = VERTEX_POINT ( 'NONE', #729 ) ;
#267 = SURFACE_STYLE_USAGE ( .BOTH. , #1439 ) ;
#268 = ORIENTED_EDGE ( 'NONE', *, *, #1450, .T. ) ;
#269 = DIRECTION ( 'NONE',  ( 0.000000000000000000, -0.000000000000000000, -1.000000000000000000 ) ) ;
#270 = ORIENTED_EDGE ( 'NONE', *, *, #834, .F. ) ;
#271 = DIRECTION ( 'NONE',  ( -1.000000000000000000, -3.430248998885766570E-15, -1.197665036719499374E-29 ) ) ;
#272 = EDGE_CURVE ( 'NONE', #63, #1564, #1636, .T. ) ;
#273 = ORIENTED_EDGE ( 'NONE', *, *, #1015, .F. ) ;
#274 = FACE_OUTER_BOUND ( 'NONE', #217, .T. ) ;
#275 = CARTESIAN_POINT ( 'NONE',  ( -3.471411986872389821E-13, 121.1999999999998749, 3.533379114909246664E-13 ) ) ;
#276 = AXIS2_PLACEMENT_3D ( 'NONE', #533, #1066, #31 ) ;
#277 = TOROIDAL_SURFACE ( 'NONE', #303, 58.24360147529110066, 4.000000000000000000 ) ;
#278 = CARTESIAN_POINT ( 'NONE',  ( 0.000000000000000000, 90.51559154352419512, 2.462038719716993166E-13 ) ) ;
#279 = PLANE ( 'NONE',  #131 ) ;
#280 = ORIENTED_EDGE ( 'NONE', *, *, #246, .F. ) ;
#281 = VECTOR ( 'NONE', #1069, 1000.000000000000000 ) ;
#282 = VERTEX_POINT ( 'NONE', #742 ) ;
#283 = DIRECTION ( 'NONE',  ( 1.000000000000000000, 3.442139471639485335E-15, 1.190712188035818218E-29 ) ) ;
#284 = PRODUCT_DEFINITION_FORMATION_WITH_SPECIFIED_SOURCE ( 'ANY', '', #1093, .NOT_KNOWN. ) ;
#285 = CONICAL_SURFACE ( 'NONE', #1669, 38.60000000000034248, 0.1047197551196635545 ) ;
#286 = DIRECTION ( 'NONE',  ( 3.430248998885766570E-15, -1.000000000000000000, -3.491481338843133355E-15 ) ) ;
#287 = DIRECTION ( 'NONE',  ( 1.000000000000000000, 0.000000000000000000, 0.000000000000000000 ) ) ;
#288 = VERTEX_POINT ( 'NONE', #919 ) ;
#289 = CARTESIAN_POINT ( 'NONE',  ( 199.0877267423359172, 92.03459154352479743, 0.000000000000000000 ) ) ;
#290 = ORIENTED_EDGE ( 'NONE', *, *, #540, .T. ) ;
#291 = DIRECTION ( 'NONE',  ( 0.000000000000000000, 0.000000000000000000, -1.000000000000000000 ) ) ;
#292 = STYLED_ITEM ( 'NONE', ( #966 ), #1366 ) ;
#293 = EDGE_CURVE ( 'NONE', #1171, #1571, #964, .T. ) ;
#294 = CARTESIAN_POINT ( 'NONE',  ( 0.000000000000000000, 92.03459154352475480, 0.000000000000000000 ) ) ;
#295 = ORIENTED_EDGE ( 'NONE', *, *, #299, .F. ) ;
#296 = CARTESIAN_POINT ( 'NONE',  ( -4.428451457561530515E-13, 149.0999999999999943, 29.70161617719197622 ) ) ;
#297 = ORIENTED_EDGE ( 'NONE', *, *, #1130, .F. ) ;
#298 = CARTESIAN_POINT ( 'NONE',  ( 153.2058596236323922, -1149.452843711815603, 0.000000000000000000 ) ) ;
#299 = EDGE_CURVE ( 'NONE', #142, #282, #229, .T. ) ;
#300 = CARTESIAN_POINT ( 'NONE',  ( 0.000000000000000000, 86.90000000000010516, 2.335801015686059686E-13 ) ) ;
#301 = CIRCLE ( 'NONE', #465, 3.000000000000002665 ) ;
#302 = LINE ( 'NONE', #1092, #840 ) ;
#303 = AXIS2_PLACEMENT_3D ( 'NONE', #1178, #29, #1655 ) ;
#304 = ORIENTED_EDGE ( 'NONE', *, *, #1632, .F. ) ;
#305 = CARTESIAN_POINT ( 'NONE',  ( 0.000000000000000000, -1149.452843711816513, 153.2058596236242920 ) ) ;
#306 = ORIENTED_EDGE ( 'NONE', *, *, #375, .T. ) ;
#307 = DIRECTION ( 'NONE',  ( 0.000000000000000000, 1.000000000000000000, 0.000000000000000000 ) ) ;
#308 = AXIS2_PLACEMENT_3D ( 'NONE', #517, #1047, #1572 ) ;
#309 = ADVANCED_FACE ( 'NONE', ( #1560 ), #1050, .T. ) ;
#310 = DIRECTION ( 'NONE',  ( -1.000000000000000000, -3.444926957645323074E-15, 7.105427357600990815E-15 ) ) ;
#311 = SURFACE_STYLE_USAGE ( .BOTH. , #1586 ) ;
#312 = PRODUCT_DEFINITION_SHAPE ( 'NONE', 'NONE',  #775 ) ;
#313 = ORIENTED_EDGE ( 'NONE', *, *, #198, .T. ) ;
#314 = DIRECTION ( 'NONE',  ( -1.000000000000000000, -3.605721996511911269E-15, 1.598721155460224156E-14 ) ) ;
#315 = VERTEX_POINT ( 'NONE', #383 ) ;
#316 = CARTESIAN_POINT ( 'NONE',  ( 0.000000000000000000, 168.2945927106675015, 62.18283248734046254 ) ) ;
#317 = CIRCLE ( 'NONE', #949, 25.51332012518677317 ) ;
#318 = EDGE_CURVE ( 'NONE', #967, #449, #438, .T. ) ;
#319 = CIRCLE ( 'NONE', #670, 165.0000000000000284 ) ;
#320 = CARTESIAN_POINT ( 'NONE',  ( -1.797450475416143087E-13, 72.39999999999996305, 1.829536221553800364E-13 ) ) ;
#321 = DIRECTION ( 'NONE',  ( 1.000000000000000000, 3.452878376987309937E-15, 1.226708824115728880E-29 ) ) ;
#322 = EDGE_LOOP ( 'NONE', ( #340, #1545, #1616, #514, #564, #960, #745, #516, #747, #1297, #1502, #1151, #848, #1390, #1136, #695, #195, #767 ) ) ;
#323 = CARTESIAN_POINT ( 'NONE',  ( 0.000000000000000000, 68.39999999999994884, 1.689876968000074777E-13 ) ) ;
#324 = EDGE_CURVE ( 'NONE', #180, #1468, #262, .T. ) ;
#325 = ORIENTED_EDGE ( 'NONE', *, *, #1105, .T. ) ;
#326 = FACE_OUTER_BOUND ( 'NONE', #1405, .T. ) ;
#327 = DIRECTION ( 'NONE',  ( 0.000000000000000000, 3.491481338843133355E-15, -1.000000000000000000 ) ) ;
#328 = DIRECTION ( 'NONE',  ( -3.430248998885766570E-15, 1.000000000000000000, 3.491481338843133355E-15 ) ) ;
#329 = ORIENTED_EDGE ( 'NONE', *, *, #799, .T. ) ;
#330 = LINE ( 'NONE', #1020, #718 ) ;
#331 = EDGE_CURVE ( 'NONE', #90, #884, #196, .T. ) ;
#332 = ORIENTED_EDGE ( 'NONE', *, *, #1211, .F. ) ;
#333 = DIRECTION ( 'NONE',  ( -1.000000000000000000, -3.451672858941458135E-15, -1.226280538070575025E-29 ) ) ;
#334 = VECTOR ( 'NONE', #1496, 1000.000000000000000 ) ;
#335 = DIRECTION ( 'NONE',  ( 1.000000000000000000, 3.402356667074148566E-15, 1.776356839400261903E-15 ) ) ;
#336 = DIRECTION ( 'NONE',  ( -1.000000000000000000, -0.000000000000000000, -0.000000000000000000 ) ) ;
#337 = VERTEX_POINT ( 'NONE', #140 ) ;
#338 = DIRECTION ( 'NONE',  ( -1.000000000000000000, -0.000000000000000000, -0.000000000000000000 ) ) ;
#339 = VECTOR ( 'NONE', #1307, 1000.000000000000000 ) ;
#340 = ORIENTED_EDGE ( 'NONE', *, *, #1196, .T. ) ;
#341 = CARTESIAN_POINT ( 'NONE',  ( 0.000000000000000000, 92.03459154352478322, 153.2058596236286121 ) ) ;
#342 = DIRECTION ( 'NONE',  ( -1.000000000000000000, -7.630664459581063696E-17, -2.775557561562891351E-17 ) ) ;
#343 = EDGE_CURVE ( 'NONE', #1459, #7, #1469, .T. ) ;
#344 = CARTESIAN_POINT ( 'NONE',  ( -5.063047522355392010E-13, 167.5999999999998238, 58.24360147529161935 ) ) ;
#345 = LINE ( 'NONE', #872, #1318 ) ;
#346 = VECTOR ( 'NONE', #582, 1000.000000000000000 ) ;
#347 = EDGE_LOOP ( 'NONE', ( #566, #698, #1167, #831 ) ) ;
#348 = DIRECTION ( 'NONE',  ( -0.000000000000000000, 0.9848077530122090195, -0.1736481776669255572 ) ) ;
#349 = ORIENTED_EDGE ( 'NONE', *, *, #628, .T. ) ;
#350 = CARTESIAN_POINT ( 'NONE',  ( 36.65557164758482855, 86.90000000000023306, 2.335801015686063725E-13 ) ) ;
#351 = EDGE_CURVE ( 'NONE', #677, #406, #1175, .T. ) ;
#352 = PRODUCT_DEFINITION ( 'UNKNOWN', '', #690, #691 ) ;
#353 = DIRECTION ( 'NONE',  ( 0.000000000000000000, 0.000000000000000000, -1.000000000000000000 ) ) ;
#354 = DIRECTION ( 'NONE',  ( -1.000000000000000000, -3.430248998885766570E-15, -1.197665036719499374E-29 ) ) ;
#355 = ORIENTED_EDGE ( 'NONE', *, *, #1516, .T. ) ;
#356 = CARTESIAN_POINT ( 'NONE',  ( 79.28015799927416651, 121.2000000000001592, 3.533379114909256257E-13 ) ) ;
#357 = ORIENTED_EDGE ( 'NONE', *, *, #673, .F. ) ;
#358 = DIRECTION ( 'NONE',  ( -1.000000000000000000, -3.430248998885766570E-15, -1.217836637189613611E-29 ) ) ;
#359 = VECTOR ( 'NONE', #404, 1000.000000000000000 ) ;
#360 = AXIS2_PLACEMENT_3D ( 'NONE', #187, #1449, #704 ) ;
#361 = CARTESIAN_POINT ( 'NONE',  ( 0.000000000000000000, 240.0000000000000000, 0.000000000000000000 ) ) ;
#362 = VERTEX_POINT ( 'NONE', #781 ) ;
#363 = DIRECTION ( 'NONE',  ( 0.000000000000000000, 0.000000000000000000, -1.000000000000000000 ) ) ;
#364 = TOROIDAL_SURFACE ( 'NONE', #890, 29.49140770665987432, 4.000000000000000000 ) ;
#365 = VERTEX_POINT ( 'NONE', #1193 ) ;
#366 = DIRECTION ( 'NONE',  ( 0.000000000000000000, -0.000000000000000000, -1.000000000000000000 ) ) ;
#367 = DIRECTION ( 'NONE',  ( 1.000000000000000000, 3.430248998885766570E-15, 0.000000000000000000 ) ) ;
#368 = ADVANCED_FACE ( 'NONE', ( #1263 ), #277, .F. ) ;
#369 = ORIENTED_EDGE ( 'NONE', *, *, #624, .T. ) ;
#370 = DIRECTION ( 'NONE',  ( -3.430248998885766570E-15, 1.000000000000000000, 3.491481338843133355E-15 ) ) ;
#371 = AXIS2_PLACEMENT_3D ( 'NONE', #1017, #1009, #354 ) ;
#372 = TOROIDAL_SURFACE ( 'NONE', #1376, 72.99838382280873361, 4.000000000000000000 ) ;
#373 = ORIENTED_EDGE ( 'NONE', *, *, #124, .T. ) ;
#374 = DIRECTION ( 'NONE',  ( -3.430248998885766570E-15, 1.000000000000000000, 3.491481338843133355E-15 ) ) ;
#375 = EDGE_CURVE ( 'NONE', #406, #206, #1527, .T. ) ;
#376 =( REPRESENTATION_RELATIONSHIP ('NONE','NONE', #798, #756 ) REPRESENTATION_RELATIONSHIP_WITH_TRANSFORMATION ( #786 )SHAPE_REPRESENTATION_RELATIONSHIP( ) );
#377 = CARTESIAN_POINT ( 'NONE',  ( 23.65299668390780852, 129.8183186300097418, 0.000000000000000000 ) ) ;
#378 = ORIENTED_EDGE ( 'NONE', *, *, #318, .T. ) ;
#379 = CARTESIAN_POINT ( 'NONE',  ( 65.99054181964052646, 146.7000000000002160, 4.423706856314256588E-13 ) ) ;
#380 = ORIENTED_EDGE ( 'NONE', *, *, #1508, .F. ) ;
#381 = EDGE_CURVE ( 'NONE', #780, #142, #1185, .T. ) ;
#382 = VERTEX_POINT ( 'NONE', #1526 ) ;
#383 = CARTESIAN_POINT ( 'NONE',  ( 0.000000000000000000, 129.8183186300096850, 0.000000000000000000 ) ) ;
#384 = ORIENTED_EDGE ( 'NONE', *, *, #1015, .T. ) ;
#385 = CARTESIAN_POINT ( 'NONE',  ( -2.417704193950854927E-13, 90.48188614692953990, 2.460861902084708263E-13 ) ) ;
#386 = CONICAL_SURFACE ( 'NONE', #857, 144.3107064399679302, 1.307280069771256770 ) ;
#387 = VERTEX_POINT ( 'NONE', #650 ) ;
#388 = DIRECTION ( 'NONE',  ( 1.000000000000000000, 0.000000000000000000, 0.000000000000000000 ) ) ;
#389 = AXIS2_PLACEMENT_3D ( 'NONE', #1541, #660, #1159 ) ;
#390 = APPLICATION_PROTOCOL_DEFINITION ( 'draft international standard', 'automotive_design', 1998, #138 ) ;
#391 = DIRECTION ( 'NONE',  ( -0.000000000000000000, -0.9945218953682740670, 0.1045284632676464209 ) ) ;
#392 = AXIS2_PLACEMENT_3D ( 'NONE', #560, #578, #1104 ) ;
#393 = CIRCLE ( 'NONE', #1367, 116.8256544695234709 ) ;
#394 = EDGE_CURVE ( 'NONE', #288, #266, #64, .T. ) ;
#395 = ORIENTED_EDGE ( 'NONE', *, *, #1427, .T. ) ;
#396 = FACE_OUTER_BOUND ( 'NONE', #1580, .T. ) ;
#397 = VERTEX_POINT ( 'NONE', #408 ) ;
#398 = LINE ( 'NONE', #925, #1417 ) ;
#399 = CIRCLE ( 'NONE', #1059, 165.0000000000000284 ) ;
#400 = ITEM_DEFINED_TRANSFORMATION ( 'NONE', 'NONE', #1395,  #1113 ) ;
#401 = VERTEX_POINT ( 'NONE', #1057 ) ;
#402 = CARTESIAN_POINT ( 'NONE',  ( 0.000000000000000000, -995.3059459821207611, -3.544921763613049479E-12 ) ) ;
#403 = EDGE_CURVE ( 'NONE', #501, #721, #1566, .T. ) ;
#404 = DIRECTION ( 'NONE',  ( 0.000000000000000000, -3.491481338843133355E-15, 1.000000000000000000 ) ) ;
#405 = DIRECTION ( 'NONE',  ( -1.000000000000000000, -3.263657040256620797E-15, -1.159483900983325383E-29 ) ) ;
#406 = VERTEX_POINT ( 'NONE', #148 ) ;
#407 = DIRECTION ( 'NONE',  ( -3.430248998885766570E-15, 1.000000000000000000, 3.491481338843133355E-15 ) ) ;
#408 = CARTESIAN_POINT ( 'NONE',  ( -72.99838382280917415, 146.6999999999997328, 4.284047602760523680E-13 ) ) ;
#409 = AXIS2_PLACEMENT_3D ( 'NONE', #844, #984, #1132 ) ;
#410 = CARTESIAN_POINT ( 'NONE',  ( 0.000000000000000000, 108.1816813699907698, 3.078846949311340241E-13 ) ) ;
#411 = ORIENTED_EDGE ( 'NONE', *, *, #590, .T. ) ;
#412 = DIRECTION ( 'NONE',  ( 1.394137954649049818E-16, -1.000000000000000000, -0.000000000000000000 ) ) ;
#413 = AXIS2_PLACEMENT_3D ( 'NONE', #350, #1137, #877 ) ;
#414 = VERTEX_POINT ( 'NONE', #20 ) ;
#415 = DIRECTION ( 'NONE',  ( 1.000000000000000000, 0.000000000000000000, 0.000000000000000000 ) ) ;
#416 = AXIS2_PLACEMENT_3D ( 'NONE', #936, #1441, #283 ) ;
#417 = CLOSED_SHELL ( 'NONE', ( #46, #1087, #725, #932, #963, #473, #1176, #30, #1116, #1346, #495, #808, #1481, #1551, #1296, #368, #705, #1126, #1556, #222, #1674, #1246, #1332, #236, #647, #431, #309, #1598, #929 ) ) ;
#418 = DIRECTION ( 'NONE',  ( 0.000000000000000000, 0.000000000000000000, -1.000000000000000000 ) ) ;
#419 = EDGE_CURVE ( 'NONE', #1601, #315, #539, .T. ) ;
#420 = VERTEX_POINT ( 'NONE', #1574 ) ;
#421 = CARTESIAN_POINT ( 'NONE',  ( -4.565661417516955593E-13, 153.1000000000001080, 4.647161662000213588E-13 ) ) ;
#422 = EDGE_CURVE ( 'NONE', #1532, #1127, #240, .T. ) ;
#423 = ORIENTED_EDGE ( 'NONE', *, *, #669, .F. ) ;
#424 = DIRECTION ( 'NONE',  ( 0.000000000000000000, 0.9945218953682745111, 0.1045284632676416053 ) ) ;
#425 = MECHANICAL_DESIGN_GEOMETRIC_PRESENTATION_REPRESENTATION (  '', ( #292 ), #1007 ) ;
#426 = AXIS2_PLACEMENT_3D ( 'NONE', #1629, #94, #1142 ) ;
#427 = DIRECTION ( 'NONE',  ( -1.000000000000000000, -1.811652353494465849E-16, 5.329070518200751394E-15 ) ) ;
#428 =( LENGTH_UNIT ( ) NAMED_UNIT ( * ) SI_UNIT ( .MILLI., .METRE. ) );
#429 = ORIENTED_EDGE ( 'NONE', *, *, #158, .F. ) ;
#430 = PLANE ( 'NONE',  #150 ) ;
#431 = ADVANCED_FACE ( 'NONE', ( #801 ), #1314, .T. ) ;
#432 = VERTEX_POINT ( 'NONE', #979 ) ;
#433 = CARTESIAN_POINT ( 'NONE',  ( 42.20161617719111291, 68.40000000000010516, 1.829536221553800364E-13 ) ) ;
#434 = UNCERTAINTY_MEASURE_WITH_UNIT (LENGTH_MEASURE( 1.000000000000000082E-05 ), #1676, 'distance_accuracy_value', 'NONE');
#435 = CARTESIAN_POINT ( 'NONE',  ( 0.000000000000000000, 90.48188614692942622, -25.51332012518654935 ) ) ;
#436 = VECTOR ( 'NONE', #1186, 1000.000000000000000 ) ;
#437 = DIRECTION ( 'NONE',  ( 1.000000000000000000, 3.430248998885766570E-15, 0.000000000000000000 ) ) ;
#438 = CIRCLE ( 'NONE', #92, 5.000000000000000888 ) ;
#439 = ORIENTED_EDGE ( 'NONE', *, *, #166, .F. ) ;
#440 = CARTESIAN_POINT ( 'NONE',  ( -32.15355142609654848, 153.0999999999999943, 0.000000000000000000 ) ) ;
#441 = ORIENTED_EDGE ( 'NONE', *, *, #528, .T. ) ;
#442 = AXIS2_PLACEMENT_3D ( 'NONE', #1266, #1372, #755 ) ;
#443 = CARTESIAN_POINT ( 'NONE',  ( -37.12616090293792581, 157.5773576836616883, 4.821735728942370635E-13 ) ) ;
#444 = VECTOR ( 'NONE', #348, 999.9999999999998863 ) ;
#445 = ADVANCED_FACE ( 'NONE', ( #452 ), #954, .T. ) ;
#446 = CARTESIAN_POINT ( 'NONE',  ( -2.853338792450455382E-13, 108.1816813699908550, -19.15097646241854434 ) ) ;
#447 = CARTESIAN_POINT ( 'NONE',  ( 0.000000000000000000, 92.03459154352476901, -165.0100000000000477 ) ) ;
#448 = VECTOR ( 'NONE', #183, 1000.000000000000114 ) ;
#449 = VERTEX_POINT ( 'NONE', #443 ) ;
#450 = DIRECTION ( 'NONE',  ( -1.000000000000000000, -3.452878376987277989E-15, -1.226708824115717529E-29 ) ) ;
#451 = ORIENTED_EDGE ( 'NONE', *, *, #549, .F. ) ;
#452 = FACE_OUTER_BOUND ( 'NONE', #147, .T. ) ;
#453 = CIRCLE ( 'NONE', #108, 19.15097646241885343 ) ;
#454 = DIRECTION ( 'NONE',  ( 1.000000000000000000, 3.430248998885766176E-15, 1.196899999404709087E-29 ) ) ;
#455 = CARTESIAN_POINT ( 'NONE',  ( -4.279106515157822120E-12, 98.00951734354312350, 153.2058596236286405 ) ) ;
#456 = VERTEX_POINT ( 'NONE', #1089 ) ;
#457 = DIRECTION ( 'NONE',  ( -3.430248998885766570E-15, 1.000000000000000000, 3.491481338843133355E-15 ) ) ;
#458 = ORIENTED_EDGE ( 'NONE', *, *, #669, .T. ) ;
#459 = DIRECTION ( 'NONE',  ( 1.000000000000000000, 3.364794390261294784E-15, 1.195415105663249301E-29 ) ) ;
#460 =( LENGTH_UNIT ( ) NAMED_UNIT ( * ) SI_UNIT ( .MILLI., .METRE. ) );
#461 = CARTESIAN_POINT ( 'NONE',  ( -4.487855107152537580E-13, 150.8317591116653205, 4.567966454663995828E-13 ) ) ;
#462 = PLANE ( 'NONE',  #371 ) ;
#463 = ORIENTED_EDGE ( 'NONE', *, *, #1665, .F. ) ;
#464 = DIRECTION ( 'NONE',  ( -3.430248998885766570E-15, 1.000000000000000000, 3.491481338843133355E-15 ) ) ;
#465 = AXIS2_PLACEMENT_3D ( 'NONE', #220, #1387, #602 ) ;
#466 = ORIENTED_EDGE ( 'NONE', *, *, #882, .T. ) ;
#467 = LINE ( 'NONE', #998, #1359 ) ;
#468 = ADVANCED_FACE ( 'NONE', ( #326 ), #849, .F. ) ;
#469 = CARTESIAN_POINT ( 'NONE',  ( 0.000000000000000000, 98.00951734354245559, 2.723687740571383295E-13 ) ) ;
#470 = AXIS2_PLACEMENT_3D ( 'NONE', #537, #934, #796 ) ;
#471 = CARTESIAN_POINT ( 'NONE',  ( 0.000000000000000000, 59.07590644816080072, 1.364327981621334776E-13 ) ) ;
#472 = LINE ( 'NONE', #1001, #1243 ) ;
#473 = ADVANCED_FACE ( 'NONE', ( #1591 ), #263, .F. ) ;
#474 = ORIENTED_EDGE ( 'NONE', *, *, #230, .T. ) ;
#475 = LINE ( 'NONE', #482, #1535 ) ;
#476 = ORIENTED_EDGE ( 'NONE', *, *, #834, .T. ) ;
#477 = CARTESIAN_POINT ( 'NONE',  ( -29.70161617719198333, 153.0999999999999943, 4.507502408446488759E-13 ) ) ;
#478 = PRODUCT_RELATED_PRODUCT_CATEGORY ( 'part', '', ( #1093 ) ) ;
#479 = CARTESIAN_POINT ( 'NONE',  ( 0.000000000000000000, -95.22491225521257263, -4.023056309089121266E-13 ) ) ;
#480 = DIRECTION ( 'NONE',  ( 1.000000000000000000, 3.413307527746293313E-15, 1.212650434377697661E-29 ) ) ;
#481 = VERTEX_POINT ( 'NONE', #1597 ) ;
#482 = CARTESIAN_POINT ( 'NONE',  ( 0.000000000000000000, 0.000000000000000000, 0.000000000000000000 ) ) ;
#483 = ORIENTED_EDGE ( 'NONE', *, *, #293, .F. ) ;
#484 = DIRECTION ( 'NONE',  ( 0.000000000000000000, -0.000000000000000000, -1.000000000000000000 ) ) ;
#485 = DIRECTION ( 'NONE',  ( 0.000000000000000000, 0.000000000000000000, 1.000000000000000000 ) ) ;
#486 = DIRECTION ( 'NONE',  ( -1.000000000000000000, -3.478467021902725446E-15, 1.332267629550187060E-14 ) ) ;
#487 = DIRECTION ( 'NONE',  ( 3.430248998885766570E-15, -1.000000000000000000, -3.491481338843133355E-15 ) ) ;
#488 = VERTEX_POINT ( 'NONE', #832 ) ;
#489 = DIRECTION ( 'NONE',  ( -1.000000000000000000, -3.430248998885766570E-15, -1.197665036719499374E-29 ) ) ;
#490 = VERTEX_POINT ( 'NONE', #433 ) ;
#491 = CARTESIAN_POINT ( 'NONE',  ( -3.348544373176119951E-13, 117.6181138530707244, 3.408318228510607679E-13 ) ) ;
#492 = CIRCLE ( 'NONE', #1579, 3.000000000000002665 ) ;
#493 = APPLICATION_PROTOCOL_DEFINITION ( 'draft international standard', 'automotive_design', 1998, #926 ) ;
#494 = AXIS2_PLACEMENT_3D ( 'NONE', #1114, #1628, #1648 ) ;
#495 = ADVANCED_FACE ( 'NONE', ( #1348 ), #699, .F. ) ;
#496 = CIRCLE ( 'NONE', #66, 5.000000000000004441 ) ;
#497 = LINE ( 'NONE', #1042, #1270 ) ;
#498 = EDGE_CURVE ( 'NONE', #550, #921, #197, .T. ) ;
#499 = EDGE_LOOP ( 'NONE', ( #134, #989, #182, #226 ) ) ;
#500 = DIRECTION ( 'NONE',  ( -0.000000000000000000, 0.9945218953682752883, -0.1045284632676351938 ) ) ;
#501 = VERTEX_POINT ( 'NONE', #680 ) ;
#502 = CARTESIAN_POINT ( 'NONE',  ( 165.0000000000000284, 0.000000000000000000, 0.000000000000000000 ) ) ;
#503 = DIRECTION ( 'NONE',  ( -0.1045284632676464764, -0.9945218953682740670, -0.000000000000000000 ) ) ;
#504 = ORIENTED_EDGE ( 'NONE', *, *, #112, .F. ) ;
#505 = CARTESIAN_POINT ( 'NONE',  ( -1.797450475416138543E-13, 72.39999999999996305, 1.829536221553800364E-13 ) ) ;
#506 = AXIS2_PLACEMENT_3D ( 'NONE', #128, #1273, #258 ) ;
#507 = EDGE_CURVE ( 'NONE', #583, #780, #1607, .T. ) ;
#508 = CIRCLE ( 'NONE', #591, 4.000000000000003553 ) ;
#509 = VERTEX_POINT ( 'NONE', #316 ) ;
#510 =( NAMED_UNIT ( * ) PLANE_ANGLE_UNIT ( ) SI_UNIT ( $, .RADIAN. ) );
#511 = ORIENTED_EDGE ( 'NONE', *, *, #351, .F. ) ;
#512 = PRODUCT_DEFINITION_SHAPE ( 'NONE', 'NONE',  #1305 ) ;
#513 = CARTESIAN_POINT ( 'NONE',  ( 19.15097646241855145, 108.1816813699908408, 0.000000000000000000 ) ) ;
#514 = ORIENTED_EDGE ( 'NONE', *, *, #1427, .F. ) ;
#515 = DIRECTION ( 'NONE',  ( 0.000000000000000000, 1.000000000000000000, 0.000000000000000000 ) ) ;
#516 = ORIENTED_EDGE ( 'NONE', *, *, #1603, .F. ) ;
#517 = CARTESIAN_POINT ( 'NONE',  ( 0.000000000000000000, 0.000000000000000000, 0.000000000000000000 ) ) ;
#518 = EDGE_CURVE ( 'NONE', #7, #1548, #554, .T. ) ;
#519 = TOROIDAL_SURFACE ( 'NONE', #1467, 42.20161617719169556, 4.000000000000000000 ) ;
#520 = CARTESIAN_POINT ( 'NONE',  ( -2.418860372980117506E-13, 90.51559154352419512, 2.462038719716993166E-13 ) ) ;
#521 = AXIS2_PLACEMENT_3D ( 'NONE', #861, #1369, #58 ) ;
#522 = ORIENTED_EDGE ( 'NONE', *, *, #1224, .F. ) ;
#523 = CARTESIAN_POINT ( 'NONE',  ( 111.7999999999996845, 68.40000000000033253, 1.689876968000088156E-13 ) ) ;
#524 = EDGE_CURVE ( 'NONE', #420, #315, #1216, .T. ) ;
#525 = AXIS2_PLACEMENT_3D ( 'NONE', #896, #1013, #1024 ) ;
#526 = EDGE_LOOP ( 'NONE', ( #280, #1043, #1303, #1520 ) ) ;
#527 = CARTESIAN_POINT ( 'NONE',  ( -5.063047522355392010E-13, 171.5999999999998238, 58.24360147529163356 ) ) ;
#528 = EDGE_CURVE ( 'NONE', #607, #884, #813, .T. ) ;
#529 = AXIS2_PLACEMENT_3D ( 'NONE', #1174, #668, #11 ) ;
#530 = ORIENTED_EDGE ( 'NONE', *, *, #1096, .F. ) ;
#531 = DIRECTION ( 'NONE',  ( -3.430248998885766570E-15, 1.000000000000000000, 3.491481338843133355E-15 ) ) ;
#532 = TOROIDAL_SURFACE ( 'NONE', #1479, 116.8256544695235135, 3.000000000000000000 ) ;
#533 = CARTESIAN_POINT ( 'NONE',  ( 199.0877267423359172, 92.03459154352479743, -165.0100000000000477 ) ) ;
#534 = CARTESIAN_POINT ( 'NONE',  ( 7.397485227323534272E-13, -195.6544679329817313, 0.000000000000000000 ) ) ;
#535 = VECTOR ( 'NONE', #794, 1000.000000000000000 ) ;
#536 = VERTEX_POINT ( 'NONE', #1460 ) ;
#537 = CARTESIAN_POINT ( 'NONE',  ( 0.000000000000000000, 92.03459154352475480, 0.000000000000000000 ) ) ;
#538 = VECTOR ( 'NONE', #503, 1000.000000000000000 ) ;
#539 = LINE ( 'NONE', #1065, #15 ) ;
#540 = EDGE_CURVE ( 'NONE', #1478, #616, #1377, .T. ) ;
#541 = LINE ( 'NONE', #300, #916 ) ;
#542 = ORIENTED_EDGE ( 'NONE', *, *, #880, .F. ) ;
#543 = FACE_OUTER_BOUND ( 'NONE', #1594, .T. ) ;
#544 = ORIENTED_EDGE ( 'NONE', *, *, #1434, .F. ) ;
#545 = DIRECTION ( 'NONE',  ( -3.430248998885766570E-15, 1.000000000000000000, 3.491481338843133355E-15 ) ) ;
#546 = ADVANCED_FACE ( 'NONE', ( #707 ), #1489, .F. ) ;
#547 = DIRECTION ( 'NONE',  ( 3.430248998885766570E-15, -1.000000000000000000, -3.491481338843133355E-15 ) ) ;
#548 = DIRECTION ( 'NONE',  ( -3.430248998885766570E-15, 1.000000000000000000, 3.491481338843133355E-15 ) ) ;
#549 = EDGE_CURVE ( 'NONE', #490, #337, #1191, .T. ) ;
#550 = VERTEX_POINT ( 'NONE', #587 ) ;
#551 = LINE ( 'NONE', #172, #1028 ) ;
#552 = AXIS2_PLACEMENT_3D ( 'NONE', #1260, #1364, #333 ) ;
#553 = ORIENTED_EDGE ( 'NONE', *, *, #601, .T. ) ;
#554 = LINE ( 'NONE', #990, #672 ) ;
#555 = AXIS2_PLACEMENT_3D ( 'NONE', #1490, #1625, #1200 ) ;
#556 = DIRECTION ( 'NONE',  ( 0.000000000000000000, -3.491481338843133355E-15, 1.000000000000000000 ) ) ;
#557 = DIRECTION ( 'NONE',  ( -1.000000000000000000, -3.421996042364554863E-15, -1.215737214850973254E-29 ) ) ;
#558 = ORIENTED_EDGE ( 'NONE', *, *, #351, .T. ) ;
#559 = ORIENTED_EDGE ( 'NONE', *, *, #1409, .T. ) ;
#560 = CARTESIAN_POINT ( 'NONE',  ( -2.123324130310291467E-13, 81.90000000000009095, 2.161226948743902892E-13 ) ) ;
#561 = AXIS2_PLACEMENT_3D ( 'NONE', #1195, #548, #480 ) ;
#562 = CARTESIAN_POINT ( 'NONE',  ( -2.470965855273206278E-13, 92.03459154352478322, 2.515074321254039570E-13 ) ) ;
#563 =( NAMED_UNIT ( * ) SI_UNIT ( $, .STERADIAN. ) SOLID_ANGLE_UNIT ( ) );
#564 = ORIENTED_EDGE ( 'NONE', *, *, #1575, .T. ) ;
#565 = DIRECTION ( 'NONE',  ( 3.430248998885766570E-15, -1.000000000000000000, -3.491481338843133355E-15 ) ) ;
#566 = ORIENTED_EDGE ( 'NONE', *, *, #422, .T. ) ;
#567 = CARTESIAN_POINT ( 'NONE',  ( -2.123324130310291467E-13, 81.90000000000020464, -32.15355142609557504 ) ) ;
#568 = ADVANCED_FACE ( 'NONE', ( #65 ), #1646, .T. ) ;
#569 = UNCERTAINTY_MEASURE_WITH_UNIT (LENGTH_MEASURE( 1.000000000000000082E-05 ), #460, 'distance_accuracy_value', 'NONE');
#570 = DIRECTION ( 'NONE',  ( 0.000000000000000000, 0.000000000000000000, -1.000000000000000000 ) ) ;
#571 = AXIS2_PLACEMENT_3D ( 'NONE', #835, #49, #1473 ) ;
#572 = DIRECTION ( 'NONE',  ( 0.000000000000000000, -0.000000000000000000, -1.000000000000000000 ) ) ;
#573 = VECTOR ( 'NONE', #391, 1000.000000000000000 ) ;
#574 = EDGE_LOOP ( 'NONE', ( #905, #1659, #846, #1134 ) ) ;
#575 = LINE ( 'NONE', #305, #1234 ) ;
#576 = ORIENTED_EDGE ( 'NONE', *, *, #35, .F. ) ;
#577 = AXIS2_PLACEMENT_3D ( 'NONE', #1658, #71, #235 ) ;
#578 = DIRECTION ( 'NONE',  ( 3.430248998885766570E-15, -1.000000000000000000, -3.491481338843133355E-15 ) ) ;
#579 = ADVANCED_FACE ( 'NONE', ( #1617 ), #532, .T. ) ;
#580 = AXIS2_PLACEMENT_3D ( 'NONE', #892, #107, #1531 ) ;
#581 = DIRECTION ( 'NONE',  ( -1.000000000000000000, -3.430248998885766570E-15, -1.219736197632449756E-29 ) ) ;
#582 = DIRECTION ( 'NONE',  ( -3.430248998885766570E-15, 1.000000000000000000, 3.491481338843133355E-15 ) ) ;
#583 = VERTEX_POINT ( 'NONE', #1393 ) ;
#584 = FACE_OUTER_BOUND ( 'NONE', #1012, .T. ) ;
#585 = ADVANCED_BREP_SHAPE_REPRESENTATION ( '', ( #824, #1113 ), #613 ) ;
#586 = ORIENTED_EDGE ( 'NONE', *, *, #198, .F. ) ;
#587 = CARTESIAN_POINT ( 'NONE',  ( 25.51332012518655290, 90.48188614692942622, 0.000000000000000000 ) ) ;
#588 = EDGE_CURVE ( 'NONE', #1562, #382, #724, .T. ) ;
#589 = CIRCLE ( 'NONE', #1033, 127.7944423366299560 ) ;
#590 = EDGE_CURVE ( 'NONE', #488, #1109, #1645, .T. ) ;
#591 = AXIS2_PLACEMENT_3D ( 'NONE', #1133, #336, #743 ) ;
#592 = DIRECTION ( 'NONE',  ( -1.000000000000000000, -0.000000000000000000, -0.000000000000000000 ) ) ;
#593 = CARTESIAN_POINT ( 'NONE',  ( -2.853338792450455382E-13, 103.7043236863290474, -24.12358593925993588 ) ) ;
#594 = EDGE_CURVE ( 'NONE', #1633, #945, #1129, .T. ) ;
#595 = EDGE_CURVE ( 'NONE', #1063, #481, #1670, .T. ) ;
#596 = ORIENTED_EDGE ( 'NONE', *, *, #1632, .T. ) ;
#597 = CARTESIAN_POINT ( 'NONE',  ( 144.3107064399676744, 98.00951734354296718, 0.000000000000000000 ) ) ;
#598 = ORIENTED_EDGE ( 'NONE', *, *, #1166, .T. ) ;
#599 = CARTESIAN_POINT ( 'NONE',  ( 108.1983838228082959, 72.40000000000033253, 1.829536221553800364E-13 ) ) ;
#600 = SHAPE_REPRESENTATION_RELATIONSHIP ( 'NONE' , 'NONE' ,  #113, #981 ) ;
#601 = EDGE_CURVE ( 'NONE', #1280, #414, #1500, .T. ) ;
#602 = DIRECTION ( 'NONE',  ( 0.000000000000000000, 0.000000000000000000, -1.000000000000000000 ) ) ;
#603 = DIRECTION ( 'NONE',  ( 3.430248998885766570E-15, -1.000000000000000000, -3.491481338843133355E-15 ) ) ;
#604 = ORIENTED_EDGE ( 'NONE', *, *, #1472, .T. ) ;
#605 = LINE ( 'NONE', #864, #1025 ) ;
#606 =( REPRESENTATION_RELATIONSHIP ('NONE','NONE', #798, #113 ) REPRESENTATION_RELATIONSHIP_WITH_TRANSFORMATION ( #400 )SHAPE_REPRESENTATION_RELATIONSHIP( ) );
#607 = VERTEX_POINT ( 'NONE', #858 ) ;
#608 = DIRECTION ( 'NONE',  ( 1.000000000000000000, 3.430248998885766570E-15, 1.177793896390998235E-29 ) ) ;
#609 = CIRCLE ( 'NONE', #830, 112.1764714042815996 ) ;
#610 = DIRECTION ( 'NONE',  ( 0.000000000000000000, 1.000000000000000000, 0.000000000000000000 ) ) ;
#611 = DIRECTION ( 'NONE',  ( 1.000000000000000000, 2.898643765591145358E-15, 1.029805135598545490E-29 ) ) ;
#612 = CONICAL_SURFACE ( 'NONE', #971, 23.65299668390811050, 0.1047197551196443338 ) ;
#613 =( GEOMETRIC_REPRESENTATION_CONTEXT ( 3 ) GLOBAL_UNCERTAINTY_ASSIGNED_CONTEXT ( ( #1471 ) ) GLOBAL_UNIT_ASSIGNED_CONTEXT ( ( #1139, #1509, #627 ) ) REPRESENTATION_CONTEXT ( 'NONE', 'WORKASPACE' ) );
#614 = ORIENTED_EDGE ( 'NONE', *, *, #101, .F. ) ;
#615 = FACE_OUTER_BOUND ( 'NONE', #1321, .T. ) ;
#616 = VERTEX_POINT ( 'NONE', #1146 ) ;
#617 = DIRECTION ( 'NONE',  ( -3.430248998885766570E-15, 1.000000000000000000, 3.491481338843133355E-15 ) ) ;
#618 = VECTOR ( 'NONE', #652, 1000.000000000000114 ) ;
#619 = CARTESIAN_POINT ( 'NONE',  ( -29.70161617719196911, 149.0999999999999943, 4.507502408446488759E-13 ) ) ;
#620 = FACE_OUTER_BOUND ( 'NONE', #1287, .T. ) ;
#621 = AXIS2_PLACEMENT_3D ( 'NONE', #143, #1037, #1412 ) ;
#622 = ORIENTED_EDGE ( 'NONE', *, *, #4, .T. ) ;
#623 = CARTESIAN_POINT ( 'NONE',  ( -4.565661417516964680E-13, 153.1000000000002217, 4.647161662000217627E-13 ) ) ;
#624 = EDGE_CURVE ( 'NONE', #721, #975, #1400, .T. ) ;
#625 = VERTEX_POINT ( 'NONE', #502 ) ;
#626 = DIRECTION ( 'NONE',  ( 3.430248998885766570E-15, -1.000000000000000000, -3.491481338843133355E-15 ) ) ;
#627 =( NAMED_UNIT ( * ) SI_UNIT ( $, .STERADIAN. ) SOLID_ANGLE_UNIT ( ) );
#628 = EDGE_CURVE ( 'NONE', #967, #677, #207, .T. ) ;
#629 = DIRECTION ( 'NONE',  ( 0.000000000000000000, 0.000000000000000000, -1.000000000000000000 ) ) ;
#630 = ORIENTED_EDGE ( 'NONE', *, *, #126, .F. ) ;
#631 = CARTESIAN_POINT ( 'NONE',  ( 0.000000000000000000, 240.0000000000000000, 0.000000000000000000 ) ) ;
#632 = ORIENTED_EDGE ( 'NONE', *, *, #1323, .T. ) ;
#633 = CARTESIAN_POINT ( 'NONE',  ( -2.625978807532834449E-13, 96.55359154352422024, 2.672854362956343245E-13 ) ) ;
#634 = EDGE_CURVE ( 'NONE', #958, #1571, #1283, .T. ) ;
#635 = AXIS2_PLACEMENT_3D ( 'NONE', #1549, #1290, #649 ) ;
#636 = DIRECTION ( 'NONE',  ( 0.000000000000000000, 0.000000000000000000, -1.000000000000000000 ) ) ;
#637 = ORIENTED_EDGE ( 'NONE', *, *, #549, .T. ) ;
#638 = DIRECTION ( 'NONE',  ( 3.430248998885766570E-15, -1.000000000000000000, -3.491481338843133355E-15 ) ) ;
#639 = APPLICATION_CONTEXT ( 'automotive_design' ) ;
#640 = ORIENTED_EDGE ( 'NONE', *, *, #1589, .F. ) ;
#641 = CARTESIAN_POINT ( 'NONE',  ( -3.767041775399089994E-13, 129.8183186300096850, 3.834286101598079201E-13 ) ) ;
#642 = ORIENTED_EDGE ( 'NONE', *, *, #343, .T. ) ;
#643 = CARTESIAN_POINT ( 'NONE',  ( 0.000000000000000000, 0.000000000000000000, 0.000000000000000000 ) ) ;
#644 = ORIENTED_EDGE ( 'NONE', *, *, #1196, .F. ) ;
#645 = LINE ( 'NONE', #1165, #869 ) ;
#646 = AXIS2_PLACEMENT_3D ( 'NONE', #702, #572, #32 ) ;
#647 = ADVANCED_FACE ( 'NONE', ( #1242 ), #259, .T. ) ;
#648 = VERTEX_POINT ( 'NONE', #83 ) ;
#649 = DIRECTION ( 'NONE',  ( 1.000000000000000000, 3.430248998885766570E-15, 1.218776466865438736E-29 ) ) ;
#650 = CARTESIAN_POINT ( 'NONE',  ( 113.8420887834184612, 87.82917693332753117, 2.357294279551699544E-13 ) ) ;
#651 = ORIENTED_EDGE ( 'NONE', *, *, #1450, .F. ) ;
#652 = DIRECTION ( 'NONE',  ( 0.1045284632676606318, -0.9945218953682725127, 0.000000000000000000 ) ) ;
#653 = ORIENTED_EDGE ( 'NONE', *, *, #1434, .T. ) ;
#654 = EDGE_CURVE ( 'NONE', #863, #2, #997, .T. ) ;
#655 = AXIS2_PLACEMENT_3D ( 'NONE', #946, #13, #1291 ) ;
#656 = CIRCLE ( 'NONE', #913, 38.22352859571859796 ) ;
#657 = ORIENTED_EDGE ( 'NONE', *, *, #1224, .T. ) ;
#658 = FACE_OUTER_BOUND ( 'NONE', #1451, .T. ) ;
#659 = ORIENTED_EDGE ( 'NONE', *, *, #272, .F. ) ;
#660 = DIRECTION ( 'NONE',  ( -3.430248998885766570E-15, 1.000000000000000000, 3.491481338843133355E-15 ) ) ;
#661 = APPLICATION_PROTOCOL_DEFINITION ( 'draft international standard', 'automotive_design', 1998, #1295 ) ;
#662 = CARTESIAN_POINT ( 'NONE',  ( -32.15355142609656269, 158.0999999999999943, 4.821735728942370635E-13 ) ) ;
#663 = VECTOR ( 'NONE', #174, 1000.000000000000000 ) ;
#664 = LINE ( 'NONE', #956, #436 ) ;
#665 = CARTESIAN_POINT ( 'NONE',  ( 116.8256544695232861, 87.51559154352459302, 2.357294279551699544E-13 ) ) ;
#666 = CIRCLE ( 'NONE', #561, 113.8420887834186601 ) ;
#667 = EDGE_LOOP ( 'NONE', ( #712, #1207, #1204, #1148 ) ) ;
#668 = DIRECTION ( 'NONE',  ( -1.000000000000000000, -0.000000000000000000, -0.000000000000000000 ) ) ;
#669 = EDGE_CURVE ( 'NONE', #1468, #1070, #1333, .T. ) ;
#670 = AXIS2_PLACEMENT_3D ( 'NONE', #361, #899, #904 ) ;
#671 = CARTESIAN_POINT ( 'NONE',  ( -2.141252063134236361E-13, 82.42264231633832594, 2.179474907687749216E-13 ) ) ;
#672 = VECTOR ( 'NONE', #424, 1000.000000000000114 ) ;
#673 = EDGE_CURVE ( 'NONE', #1231, #884, #467, .T. ) ;
#674 = AXIS2_PLACEMENT_3D ( 'NONE', #491, #1668, #885 ) ;
#675 = FACE_OUTER_BOUND ( 'NONE', #1247, .T. ) ;
#676 = DIRECTION ( 'NONE',  ( 0.000000000000000000, 0.000000000000000000, -1.000000000000000000 ) ) ;
#677 = VERTEX_POINT ( 'NONE', #477 ) ;
#678 = DIRECTION ( 'NONE',  ( -1.000000000000000000, -3.430248998885766570E-15, -1.197665036719499374E-29 ) ) ;
#679 = VERTEX_POINT ( 'NONE', #1506 ) ;
#680 = CARTESIAN_POINT ( 'NONE',  ( -165.0000000000000284, 240.0000000000000000, 0.000000000000000000 ) ) ;
#681 = CIRCLE ( 'NONE', #788, 4.000000000000003553 ) ;
#682 = DIRECTION ( 'NONE',  ( 1.000000000000000000, 3.430248998885766570E-15, 0.000000000000000000 ) ) ;
#683 = CARTESIAN_POINT ( 'NONE',  ( -4.737173867461242620E-13, 158.1000000000001080, 4.821735728942370635E-13 ) ) ;
#684 = VERTEX_POINT ( 'NONE', #341 ) ;
#685 = DIRECTION ( 'NONE',  ( 0.000000000000000000, 0.000000000000000000, -1.000000000000000000 ) ) ;
#686 = AXIS2_PLACEMENT_3D ( 'NONE', #599, #484, #1152 ) ;
#687 = EDGE_LOOP ( 'NONE', ( #918, #940, #329, #1036, #504, #1554, #559, #80, #614, #297, #1667, #734, #1421, #876, #1054, #304, #1423, #1486, #511, #1613, #378, #1624, #1590, #1438, #1522, #26, #820, #950 ) ) ;
#688 = DIRECTION ( 'NONE',  ( 1.000000000000000000, 3.288449368750713855E-15, 1.226706500712371111E-29 ) ) ;
#689 = CIRCLE ( 'NONE', #1308, 76.97647140428183832 ) ;
#690 = PRODUCT_DEFINITION_FORMATION_WITH_SPECIFIED_SOURCE ( 'ANY', '', #817, .NOT_KNOWN. ) ;
#691 = PRODUCT_DEFINITION_CONTEXT ( 'detailed design', #639, 'design' ) ;
#692 = AXIS2_PLACEMENT_3D ( 'NONE', #1194, #547, #701 ) ;
#693 = DIRECTION ( 'NONE',  ( -1.394137954649049818E-16, 1.000000000000000000, 0.000000000000000000 ) ) ;
#694 = DIRECTION ( 'NONE',  ( 1.000000000000000000, 3.623258541163083796E-15, 1.287240018102083566E-29 ) ) ;
#695 = ORIENTED_EDGE ( 'NONE', *, *, #1431, .F. ) ;
#696 = DIRECTION ( 'NONE',  ( -1.000000000000000000, -1.811652353494465849E-16, 0.000000000000000000 ) ) ;
#697 = ADVANCED_FACE ( 'NONE', ( #1005 ), #218, .F. ) ;
#698 = ORIENTED_EDGE ( 'NONE', *, *, #1130, .T. ) ;
#699 = PLANE ( 'NONE',  #43 ) ;
#700 = AXIS2_PLACEMENT_3D ( 'NONE', #505, #1563, #41 ) ;
#701 = DIRECTION ( 'NONE',  ( 1.000000000000000000, 3.430248998885766570E-15, 1.197665036719499374E-29 ) ) ;
#702 = CARTESIAN_POINT ( 'NONE',  ( -116.8256544695237409, 96.55359154352382234, 2.672854362956343245E-13 ) ) ;
#703 = ORIENTED_EDGE ( 'NONE', *, *, #1547, .T. ) ;
#704 = DIRECTION ( 'NONE',  ( 1.000000000000000000, 3.430248998885766570E-15, 1.197665036719499374E-29 ) ) ;
#705 = ADVANCED_FACE ( 'NONE', ( #1384 ), #764, .F. ) ;
#706 = ORIENTED_EDGE ( 'NONE', *, *, #394, .T. ) ;
#707 = FACE_OUTER_BOUND ( 'NONE', #260, .T. ) ;
#708 = CARTESIAN_POINT ( 'NONE',  ( 0.000000000000000000, 143.1181138530703834, 76.97647140428226464 ) ) ;
#709 = VECTOR ( 'NONE', #1618, 999.9999999999998863 ) ;
#710 = DIRECTION ( 'NONE',  ( 1.000000000000000000, -0.000000000000000000, 0.000000000000000000 ) ) ;
#711 = CIRCLE ( 'NONE', #1388, 65.26200121046633740 ) ;
#712 = ORIENTED_EDGE ( 'NONE', *, *, #1642, .F. ) ;
#713 = CARTESIAN_POINT ( 'NONE',  ( 0.000000000000000000, 121.1999999999998749, 3.533379114909247169E-13 ) ) ;
#714 = ORIENTED_EDGE ( 'NONE', *, *, #168, .F. ) ;
#715 = TOROIDAL_SURFACE ( 'NONE', #1179, 107.6170715407784115, 4.000000000000000000 ) ;
#716 = DIRECTION ( 'NONE',  ( -1.000000000000000000, -3.430248998885766570E-15, -1.197665036719499374E-29 ) ) ;
#717 = DIRECTION ( 'NONE',  ( 1.000000000000000000, 0.000000000000000000, 0.000000000000000000 ) ) ;
#718 = VECTOR ( 'NONE', #225, 1000.000000000000114 ) ;
#719 = CARTESIAN_POINT ( 'NONE',  ( 0.000000000000000000, 146.6999999999999886, 4.423706856314249015E-13 ) ) ;
#720 = DIRECTION ( 'NONE',  ( -1.000000000000000000, -3.430248998885766570E-15, 0.000000000000000000 ) ) ;
#721 = VERTEX_POINT ( 'NONE', #227 ) ;
#722 = LINE ( 'NONE', #597, #1391 ) ;
#723 = ORIENTED_EDGE ( 'NONE', *, *, #498, .F. ) ;
#724 = LINE ( 'NONE', #1653, #1206 ) ;
#725 = ADVANCED_FACE ( 'NONE', ( #239 ), #748, .F. ) ;
#726 = VECTOR ( 'NONE', #931, 1000.000000000000000 ) ;
#727 = VECTOR ( 'NONE', #367, 1000.000000000000000 ) ;
#728 = EDGE_CURVE ( 'NONE', #72, #795, #1559, .T. ) ;
#729 = CARTESIAN_POINT ( 'NONE',  ( -83.78217822076412347, 121.1999999999995907, 0.000000000000000000 ) ) ;
#730 = DIRECTION ( 'NONE',  ( -1.000000000000000000, -3.737921256546704170E-15, -1.327976397841263239E-29 ) ) ;
#731 = ORIENTED_EDGE ( 'NONE', *, *, #590, .F. ) ;
#732 = CARTESIAN_POINT ( 'NONE',  ( 29.49140770665964340, 86.90000000000020464, 2.475460269239785020E-13 ) ) ;
#733 = AXIS2_PLACEMENT_3D ( 'NONE', #567, #1233, #291 ) ;
#734 = ORIENTED_EDGE ( 'NONE', *, *, #624, .F. ) ;
#735 = CARTESIAN_POINT ( 'NONE',  ( 0.000000000000000000, 0.000000000000000000, 0.000000000000000000 ) ) ;
#736 = DIRECTION ( 'NONE',  ( -0.1045284632676466291, 0.9945218953682740670, 0.000000000000000000 ) ) ;
#737 = VERTEX_POINT ( 'NONE', #527 ) ;
#738 = CARTESIAN_POINT ( 'NONE',  ( -1.660240515460711951E-13, 68.39999999999996305, 1.689876968000074777E-13 ) ) ;
#739 = AXIS2_PLACEMENT_3D ( 'NONE', #1299, #1141, #156 ) ;
#740 = ORIENTED_EDGE ( 'NONE', *, *, #112, .T. ) ;
#741 = DIRECTION ( 'NONE',  ( -1.000000000000000000, -3.430248998885766570E-15, -1.177793896390998095E-29 ) ) ;
#742 = CARTESIAN_POINT ( 'NONE',  ( -2.315952903013544280E-13, 90.51559154352459302, -116.8256544695232719 ) ) ;
#743 = DIRECTION ( 'NONE',  ( 0.000000000000000000, 3.469446951953611033E-15, -1.000000000000000000 ) ) ;
#744 = AXIS2_PLACEMENT_3D ( 'NONE', #81, #338, #363 ) ;
#745 = ORIENTED_EDGE ( 'NONE', *, *, #498, .T. ) ;
#746 = DIRECTION ( 'NONE',  ( 0.000000000000000000, 0.000000000000000000, -1.000000000000000000 ) ) ;
#747 = ORIENTED_EDGE ( 'NONE', *, *, #594, .T. ) ;
#748 = PLANE ( 'NONE',  #1201 ) ;
#749 = ADVANCED_FACE ( 'NONE', ( #1414 ), #763, .T. ) ;
#750 = DIRECTION ( 'NONE',  ( 1.000000000000000000, 0.000000000000000000, 0.000000000000000000 ) ) ;
#751 = AXIS2_PLACEMENT_3D ( 'NONE', #683, #816, #1483 ) ;
#752 = DIRECTION ( 'NONE',  ( 0.000000000000000000, 3.491481338843133355E-15, -1.000000000000000000 ) ) ;
#753 = VECTOR ( 'NONE', #1517, 1000.000000000000000 ) ;
#754 = ORIENTED_EDGE ( 'NONE', *, *, #318, .F. ) ;
#755 = DIRECTION ( 'NONE',  ( 1.000000000000000000, 3.461977100702158022E-15, 1.195776302909869343E-29 ) ) ;
#756 = SHAPE_REPRESENTATION ( 'upper_mold_mohammmadddddd', ( #1113 ), #613 ) ;
#757 = ORIENTED_EDGE ( 'NONE', *, *, #208, .T. ) ;
#758 = DIRECTION ( 'NONE',  ( 1.000000000000000000, 1.394137954649049818E-16, 0.000000000000000000 ) ) ;
#759 = CARTESIAN_POINT ( 'NONE',  ( 3.482752204767935629E-12, -995.3059459821207611, 0.000000000000000000 ) ) ;
#760 = DIRECTION ( 'NONE',  ( 0.000000000000000000, -0.9945218953682725127, -0.1045284632676606873 ) ) ;
#761 = CARTESIAN_POINT ( 'NONE',  ( -19.15097646241936147, 129.8183186300096281, 0.000000000000000000 ) ) ;
#762 = ORIENTED_EDGE ( 'NONE', *, *, #825, .T. ) ;
#763 = PLANE ( 'NONE',  #308 ) ;
#764 = TOROIDAL_SURFACE ( 'NONE', #1415, 29.70161617719152503, 4.000000000000000000 ) ;
#765 = CARTESIAN_POINT ( 'NONE',  ( 19.15097646241856921, 103.1816813699908550, 2.904272882369183195E-13 ) ) ;
#766 = EDGE_CURVE ( 'NONE', #1171, #1601, #1072, .T. ) ;
#767 = ORIENTED_EDGE ( 'NONE', *, *, #654, .T. ) ;
#768 = CARTESIAN_POINT ( 'NONE',  ( 32.15355142609556083, 86.90000000000021885, 0.000000000000000000 ) ) ;
#769 = PRODUCT ( 'Forging_second step mohammmaddd', 'Forging_second step mohammmaddd', '', ( #84 ) ) ;
#770 = ORIENTED_EDGE ( 'NONE', *, *, #233, .T. ) ;
#771 = DIRECTION ( 'NONE',  ( -3.430248998885766570E-15, 1.000000000000000000, 3.491481338843133355E-15 ) ) ;
#772 = APPLICATION_PROTOCOL_DEFINITION ( 'draft international standard', 'automotive_design', 1998, #873 ) ;
#773 = ADVANCED_FACE ( 'NONE', ( #1190 ), #910, .T. ) ;
#774 = DIRECTION ( 'NONE',  ( 1.000000000000000000, 0.000000000000000000, 0.000000000000000000 ) ) ;
#775 = PRODUCT_DEFINITION ( 'UNKNOWN', '', #284, #972 ) ;
#776 = VERTEX_POINT ( 'NONE', #1282 ) ;
#777 = LINE ( 'NONE', #1420, #1343 ) ;
#778 = TOROIDAL_SURFACE ( 'NONE', #751, 32.15355142609609373, 5.000000000000000000 ) ;
#779 = ORIENTED_EDGE ( 'NONE', *, *, #1665, .T. ) ;
#780 = VERTEX_POINT ( 'NONE', #3 ) ;
#781 = CARTESIAN_POINT ( 'NONE',  ( -9.860761315262647568E-29, 171.5999999999998806, 42.20161617719222136 ) ) ;
#782 = EDGE_LOOP ( 'NONE', ( #373, #604, #1430, #155 ) ) ;
#783 = CYLINDRICAL_SURFACE ( 'NONE', #506, 153.2058596236283847 ) ;
#784 = ORIENTED_EDGE ( 'NONE', *, *, #246, .T. ) ;
#785 = FACE_OUTER_BOUND ( 'NONE', #914, .T. ) ;
#786 = ITEM_DEFINED_TRANSFORMATION ( 'NONE', 'NONE', #149,  #1113 ) ;
#787 = ORIENTED_EDGE ( 'NONE', *, *, #233, .F. ) ;
#788 = AXIS2_PLACEMENT_3D ( 'NONE', #40, #1593, #185 ) ;
#789 = DIRECTION ( 'NONE',  ( 3.430248998885766570E-15, -1.000000000000000000, -3.491481338843133355E-15 ) ) ;
#790 = VECTOR ( 'NONE', #1452, 1000.000000000000000 ) ;
#791 = VECTOR ( 'NONE', #1494, 999.9999999999998863 ) ;
#792 = PLANE ( 'NONE',  #276 ) ;
#793 = EDGE_CURVE ( 'NONE', #1078, #401, #175, .T. ) ;
#794 = DIRECTION ( 'NONE',  ( 0.000000000000000000, 0.000000000000000000, -1.000000000000000000 ) ) ;
#795 = VERTEX_POINT ( 'NONE', #261 ) ;
#796 = DIRECTION ( 'NONE',  ( -1.000000000000000000, -1.682156097916903588E-16, 0.000000000000000000 ) ) ;
#797 = CIRCLE ( 'NONE', #833, 32.15355142609609373 ) ;
#798 = SHAPE_REPRESENTATION ( 'Forging_second step mohammmaddd', ( #1284, #1395, #149 ), #202 ) ;
#799 = EDGE_CURVE ( 'NONE', #1478, #266, #199, .T. ) ;
#800 = EDGE_LOOP ( 'NONE', ( #483, #18, #653, #264 ) ) ;
#801 = FACE_OUTER_BOUND ( 'NONE', #1360, .T. ) ;
#802 = DIRECTION ( 'NONE',  ( 0.000000000000000000, -3.491481338843133355E-15, 1.000000000000000000 ) ) ;
#803 = DIRECTION ( 'NONE',  ( 0.000000000000000000, -0.000000000000000000, -1.000000000000000000 ) ) ;
#804 = COLOUR_RGB ( '',0.7921568627450980005, 0.8196078431372548767, 0.9333333333333333481 ) ;
#805 = ORIENTED_EDGE ( 'NONE', *, *, #1274, .F. ) ;
#806 = CARTESIAN_POINT ( 'NONE',  ( -2.432046540210010640E-13, 90.90000000000010516, 2.475460269239785020E-13 ) ) ;
#807 = CIRCLE ( 'NONE', #1062, 5.000000000000000888 ) ;
#808 = ADVANCED_FACE ( 'NONE', ( #785 ), #386, .T. ) ;
#809 = ORIENTED_EDGE ( 'NONE', *, *, #1021, .T. ) ;
#810 = DIRECTION ( 'NONE',  ( -1.000000000000000000, -3.475653476017936399E-15, -1.190700158819730961E-29 ) ) ;
#811 = EDGE_CURVE ( 'NONE', #863, #1468, #609, .T. ) ;
#812 = AXIS2_PLACEMENT_3D ( 'NONE', #1330, #1223, #688 ) ;
#813 = CIRCLE ( 'NONE', #733, 4.999999999999997335 ) ;
#814 = VECTOR ( 'NONE', #1375, 1000.000000000000000 ) ;
#815 = CARTESIAN_POINT ( 'NONE',  ( -1.340400889743577345E-13, 59.07590644816080072, 0.000000000000000000 ) ) ;
#816 = DIRECTION ( 'NONE',  ( -3.430248998885766570E-15, 1.000000000000000000, 3.491481338843133355E-15 ) ) ;
#817 = PRODUCT ( 'lower_mold_mohammmamdddd', 'lower_mold_mohammmamdddd', '', ( #12 ) ) ;
#818 = VERTEX_POINT ( 'NONE', #1298 ) ;
#819 = FACE_OUTER_BOUND ( 'NONE', #129, .T. ) ;
#820 = ORIENTED_EDGE ( 'NONE', *, *, #1461, .T. ) ;
#821 = DIRECTION ( 'NONE',  ( -3.430248998885766570E-15, 1.000000000000000000, 3.491481338843133355E-15 ) ) ;
#822 = AXIS2_PLACEMENT_3D ( 'NONE', #965, #938, #418 ) ;
#823 = AXIS2_PLACEMENT_3D ( 'NONE', #1170, #928, #909 ) ;
#824 = MANIFOLD_SOLID_BREP ( 'Cut-Extrude2', #417 ) ;
#825 = EDGE_CURVE ( 'NONE', #144, #536, #237, .T. ) ;
#826 = FACE_OUTER_BOUND ( 'NONE', #1675, .T. ) ;
#827 = DIRECTION ( 'NONE',  ( 0.000000000000000000, -0.000000000000000000, -1.000000000000000000 ) ) ;
#828 = ORIENTED_EDGE ( 'NONE', *, *, #55, .F. ) ;
#829 = CARTESIAN_POINT ( 'NONE',  ( -2.294836580254579504E-13, 86.90000000000010516, 2.335801015686059686E-13 ) ) ;
#830 = AXIS2_PLACEMENT_3D ( 'NONE', #1040, #374, #130 ) ;
#831 = ORIENTED_EDGE ( 'NONE', *, *, #943, .F. ) ;
#832 = CARTESIAN_POINT ( 'NONE',  ( 0.000000000000000000, 117.6181138530700849, 111.5951591222518857 ) ) ;
#833 = AXIS2_PLACEMENT_3D ( 'NONE', #421, #951, #450 ) ;
#834 = EDGE_CURVE ( 'NONE', #414, #737, #1394, .T. ) ;
#835 = CARTESIAN_POINT ( 'NONE',  ( 29.49140770665962918, 90.90000000000020464, 2.475460269239785020E-13 ) ) ;
#836 = DIRECTION ( 'NONE',  ( 0.000000000000000000, 1.000000000000000000, 0.000000000000000000 ) ) ;
#837 = EDGE_CURVE ( 'NONE', #1678, #818, #398, .T. ) ;
#838 = ORIENTED_EDGE ( 'NONE', *, *, #540, .F. ) ;
#839 = LINE ( 'NONE', #1345, #444 ) ;
#840 = VECTOR ( 'NONE', #437, 1000.000000000000000 ) ;
#841 = ORIENTED_EDGE ( 'NONE', *, *, #126, .T. ) ;
#842 = DIRECTION ( 'NONE',  ( 1.000000000000000000, 3.521853508146413516E-15, 1.188653027646712950E-29 ) ) ;
#843 = AXIS2_PLACEMENT_3D ( 'NONE', #643, #1543, #256 ) ;
#844 = CARTESIAN_POINT ( 'NONE',  ( -5.086873781859405803E-13, 168.2945927106677289, 5.177678031006394382E-13 ) ) ;
#845 = CARTESIAN_POINT ( 'NONE',  ( -4.565661417516960641E-13, 153.1000000000001080, 4.647161662000213588E-13 ) ) ;
#846 = ORIENTED_EDGE ( 'NONE', *, *, #1277, .T. ) ;
#847 = DIRECTION ( 'NONE',  ( -1.000000000000000000, -0.000000000000000000, -0.000000000000000000 ) ) ;
#848 = ORIENTED_EDGE ( 'NONE', *, *, #889, .F. ) ;
#849 = PLANE ( 'NONE',  #1507 ) ;
#850 = CARTESIAN_POINT ( 'NONE',  ( -2.625978807532834449E-13, 96.55359154352382234, 116.8256544695237409 ) ) ;
#851 = CIRCLE ( 'NONE', #494, 153.2058596236283847 ) ;
#852 = DIRECTION ( 'NONE',  ( 1.000000000000000000, 0.000000000000000000, 0.000000000000000000 ) ) ;
#853 = ADVANCED_FACE ( 'NONE', ( #274 ), #1184, .F. ) ;
#854 = ORIENTED_EDGE ( 'NONE', *, *, #299, .T. ) ;
#855 = DIRECTION ( 'NONE',  ( -3.430248998885766570E-15, 1.000000000000000000, 3.491481338843133355E-15 ) ) ;
#856 = EDGE_LOOP ( 'NONE', ( #173, #34, #96, #1258 ) ) ;
#857 = AXIS2_PLACEMENT_3D ( 'NONE', #27, #915, #1304 ) ;
#858 = CARTESIAN_POINT ( 'NONE',  ( 0.000000000000000000, 86.90000000000021885, -32.15355142609555372 ) ) ;
#859 = EDGE_CURVE ( 'NONE', #1413, #1280, #959, .T. ) ;
#860 =( NAMED_UNIT ( * ) PLANE_ANGLE_UNIT ( ) SI_UNIT ( $, .RADIAN. ) );
#861 = CARTESIAN_POINT ( 'NONE',  ( -4.719245934637295707E-13, 157.5773576836618304, 4.803487769998521786E-13 ) ) ;
#862 = CARTESIAN_POINT ( 'NONE',  ( 4.011514446386570024E-12, -1149.452843711816058, -4.083122780476841252E-12 ) ) ;
#863 = VERTEX_POINT ( 'NONE', #1198 ) ;
#864 = CARTESIAN_POINT ( 'NONE',  ( 0.000000000000000000, 0.000000000000000000, 0.000000000000000000 ) ) ;
#865 = ORIENTED_EDGE ( 'NONE', *, *, #1461, .F. ) ;
#866 = DIRECTION ( 'NONE',  ( 1.000000000000000000, 0.000000000000000000, 0.000000000000000000 ) ) ;
#867 = EDGE_CURVE ( 'NONE', #1530, #1143, #551, .T. ) ;
#868 = DIRECTION ( 'NONE',  ( 1.000000000000000000, 0.000000000000000000, 0.000000000000000000 ) ) ;
#869 = VECTOR ( 'NONE', #515, 1000.000000000000000 ) ;
#870 = PRODUCT_RELATED_PRODUCT_CATEGORY ( 'part', '', ( #769 ) ) ;
#871 = CARTESIAN_POINT ( 'NONE',  ( -42.20161617719221425, 171.5999999999998806, 5.153426456132465590E-13 ) ) ;
#872 = CARTESIAN_POINT ( 'NONE',  ( 0.000000000000000000, 171.5999999999999943, 5.293085709686191429E-13 ) ) ;
#873 = APPLICATION_CONTEXT ( 'automotive_design' ) ;
#874 = ORIENTED_EDGE ( 'NONE', *, *, #1654, .T. ) ;
#875 = CARTESIAN_POINT ( 'NONE',  ( 9.860761315262647568E-29, 146.6999999999997328, 70.18603997552783369 ) ) ;
#876 = ORIENTED_EDGE ( 'NONE', *, *, #1211, .T. ) ;
#877 = DIRECTION ( 'NONE',  ( 1.000000000000000000, 3.430248998885766570E-15, 1.197665036719499374E-29 ) ) ;
#878 = CARTESIAN_POINT ( 'NONE',  ( -4.737173867461242620E-13, 153.0999999999999943, 32.15355142609654848 ) ) ;
#879 = DIRECTION ( 'NONE',  ( 1.000000000000000000, 3.475027565598386920E-15, 1.195997240505674982E-29 ) ) ;
#880 = EDGE_CURVE ( 'NONE', #1029, #1459, #1614, .T. ) ;
#881 = ORIENTED_EDGE ( 'NONE', *, *, #1077, .T. ) ;
#882 = EDGE_CURVE ( 'NONE', #818, #206, #1561, .T. ) ;
#883 = CARTESIAN_POINT ( 'NONE',  ( -111.5951591222518999, 117.6181138530698576, 0.000000000000000000 ) ) ;
#884 = VERTEX_POINT ( 'NONE', #1352 ) ;
#885 = DIRECTION ( 'NONE',  ( -1.000000000000000000, -3.482033285987978570E-15, 7.105427357600989237E-15 ) ) ;
#886 = AXIS2_PLACEMENT_3D ( 'NONE', #1595, #412, #696 ) ;
#887 = EDGE_CURVE ( 'NONE', #1495, #583, #145, .T. ) ;
#888 = DIRECTION ( 'NONE',  ( 0.000000000000000000, -0.000000000000000000, -1.000000000000000000 ) ) ;
#889 = EDGE_CURVE ( 'NONE', #583, #72, #193, .T. ) ;
#890 = AXIS2_PLACEMENT_3D ( 'NONE', #806, #565, #1466 ) ;
#891 = ORIENTED_EDGE ( 'NONE', *, *, #1096, .T. ) ;
#892 = CARTESIAN_POINT ( 'NONE',  ( -4.737173867461242620E-13, 158.0999999999999943, 32.15355142609656980 ) ) ;
#893 = EDGE_CURVE ( 'NONE', #401, #288, #36, .T. ) ;
#894 = CLOSED_SHELL ( 'NONE', ( #445, #1324, #167, #546, #579, #9, #1203, #1331, #1008, #568, #697, #907, #1106, #85, #468, #853, #773, #1619, #749 ) ) ;
#895 = ORIENTED_EDGE ( 'NONE', *, *, #880, .T. ) ;
#896 = CARTESIAN_POINT ( 'NONE',  ( -4.346125481588265270E-13, 146.6999999999999602, 4.423706856314249015E-13 ) ) ;
#897 = APPLICATION_PROTOCOL_DEFINITION ( 'draft international standard', 'automotive_design', 1998, #639 ) ;
#898 = AXIS2_PLACEMENT_3D ( 'NONE', #68, #603, #232 ) ;
#899 = DIRECTION ( 'NONE',  ( 0.000000000000000000, 1.000000000000000000, 0.000000000000000000 ) ) ;
#900 = AXIS2_PLACEMENT_3D ( 'NONE', #1162, #1278, #249 ) ;
#901 = LINE ( 'NONE', #250, #1447 ) ;
#902 = DIRECTION ( 'NONE',  ( 1.000000000000000000, -0.000000000000000000, 0.000000000000000000 ) ) ;
#903 = ORIENTED_EDGE ( 'NONE', *, *, #1444, .T. ) ;
#904 = DIRECTION ( 'NONE',  ( 0.000000000000000000, 0.000000000000000000, 1.000000000000000000 ) ) ;
#905 = ORIENTED_EDGE ( 'NONE', *, *, #210, .F. ) ;
#906 = DIRECTION ( 'NONE',  ( -1.000000000000000000, -3.430248998885766570E-15, -1.197665036719499374E-29 ) ) ;
#907 = ADVANCED_FACE ( 'NONE', ( #45 ), #364, .F. ) ;
#908 = ORIENTED_EDGE ( 'NONE', *, *, #166, .T. ) ;
#909 = DIRECTION ( 'NONE',  ( 0.000000000000000000, 0.000000000000000000, -1.000000000000000000 ) ) ;
#910 = TOROIDAL_SURFACE ( 'NONE', #635, 19.15097646241885343, 5.000000000000000000 ) ;
#911 = ORIENTED_EDGE ( 'NONE', *, *, #837, .T. ) ;
#912 = CARTESIAN_POINT ( 'NONE',  ( -1.797450475416138543E-13, 72.40000000000011937, -42.20161617719109870 ) ) ;
#913 = AXIS2_PLACEMENT_3D ( 'NONE', #1118, #464, #995 ) ;
#914 = EDGE_LOOP ( 'NONE', ( #881, #10, #44, #659 ) ) ;
#915 = DIRECTION ( 'NONE',  ( -3.430248998885766570E-15, 1.000000000000000000, 3.491481338843133355E-15 ) ) ;
#916 = VECTOR ( 'NONE', #556, 1000.000000000000000 ) ;
#917 = PRODUCT_CONTEXT ( 'NONE', #1355, 'mechanical' ) ;
#918 = ORIENTED_EDGE ( 'NONE', *, *, #146, .F. ) ;
#919 = CARTESIAN_POINT ( 'NONE',  ( 0.000000000000000000, 121.1999999999995907, 83.78217822076412347 ) ) ;
#920 = EDGE_CURVE ( 'NONE', #684, #1532, #575, .T. ) ;
#921 = VERTEX_POINT ( 'NONE', #1581 ) ;
#922 = CARTESIAN_POINT ( 'NONE',  ( 0.000000000000000000, 71.98188614692929832, -38.22352859571801531 ) ) ;
#923 = VECTOR ( 'NONE', #500, 1000.000000000000114 ) ;
#924 = ORIENTED_EDGE ( 'NONE', *, *, #23, .F. ) ;
#925 = CARTESIAN_POINT ( 'NONE',  ( 0.000000000000000000, 153.1000000000001080, 4.647161662000213588E-13 ) ) ;
#926 = APPLICATION_CONTEXT ( 'automotive_design' ) ;
#927 = ORIENTED_EDGE ( 'NONE', *, *, #124, .F. ) ;
#928 = DIRECTION ( 'NONE',  ( -1.000000000000000000, -0.000000000000000000, -0.000000000000000000 ) ) ;
#929 = ADVANCED_FACE ( 'NONE', ( #1338 ), #430, .F. ) ;
#930 = FACE_OUTER_BOUND ( 'NONE', #1300, .T. ) ;
#931 = DIRECTION ( 'NONE',  ( 0.000000000000000000, 0.000000000000000000, -1.000000000000000000 ) ) ;
#932 = ADVANCED_FACE ( 'NONE', ( #819 ), #285, .T. ) ;
#933 = ORIENTED_EDGE ( 'NONE', *, *, #595, .T. ) ;
#934 = DIRECTION ( 'NONE',  ( -1.394137954649049818E-16, 1.000000000000000000, 0.000000000000000000 ) ) ;
#935 = CIRCLE ( 'NONE', #409, 62.18283248733992963 ) ;
#936 = CARTESIAN_POINT ( 'NONE',  ( -2.675920687712485619E-13, 98.00951734354244138, 2.723687740571381781E-13 ) ) ;
#937 = AXIS2_PLACEMENT_3D ( 'NONE', #1276, #1250, #1120 ) ;
#938 = DIRECTION ( 'NONE',  ( -0.000000000000000000, -1.000000000000000000, -0.000000000000000000 ) ) ;
#939 = CARTESIAN_POINT ( 'NONE',  ( -3.938554225343378030E-13, 134.8183186300096281, 19.15097646241938278 ) ) ;
#940 = ORIENTED_EDGE ( 'NONE', *, *, #1578, .F. ) ;
#941 = DIRECTION ( 'NONE',  ( 0.000000000000000000, -3.491481338843133355E-15, 1.000000000000000000 ) ) ;
#942 = EDGE_CURVE ( 'NONE', #967, #1678, #797, .T. ) ;
#943 = EDGE_CURVE ( 'NONE', #1532, #63, #1662, .T. ) ;
#944 = AXIS2_PLACEMENT_3D ( 'NONE', #738, #244, #1623 ) ;
#945 = VERTEX_POINT ( 'NONE', #1214 ) ;
#946 = CARTESIAN_POINT ( 'NONE',  ( -4.442793803820689257E-13, 149.5181138530707301, 4.522100775601567535E-13 ) ) ;
#947 = LINE ( 'NONE', #815, #1660 ) ;
#948 = DIRECTION ( 'NONE',  ( 3.430248998885766570E-15, -1.000000000000000000, -3.491481338843133355E-15 ) ) ;
#949 = AXIS2_PLACEMENT_3D ( 'NONE', #385, #251, #405 ) ;
#950 = ORIENTED_EDGE ( 'NONE', *, *, #105, .F. ) ;
#951 = DIRECTION ( 'NONE',  ( -3.430248998885766570E-15, 1.000000000000000000, 3.491481338843133355E-15 ) ) ;
#952 = VECTOR ( 'NONE', #710, 1000.000000000000000 ) ;
#953 = ORIENTED_EDGE ( 'NONE', *, *, #673, .T. ) ;
#954 = PLANE ( 'NONE',  #555 ) ;
#955 = EDGE_CURVE ( 'NONE', #1070, #337, #1487, .T. ) ;
#956 = CARTESIAN_POINT ( 'NONE',  ( 0.000000000000000000, 93.55359154352423445, 2.568109922791049118E-13 ) ) ;
#957 = PRODUCT_DEFINITION_SHAPE ( 'NONE', 'NONE',  #1680 ) ;
#958 = VERTEX_POINT ( 'NONE', #54 ) ;
#959 = LINE ( 'NONE', #1102, #1476 ) ;
#960 = ORIENTED_EDGE ( 'NONE', *, *, #55, .T. ) ;
#961 = CARTESIAN_POINT ( 'NONE',  ( 0.000000000000000000, 240.0000000000000000, 0.000000000000000000 ) ) ;
#962 = VECTOR ( 'NONE', #682, 1000.000000000000000 ) ;
#963 = ADVANCED_FACE ( 'NONE', ( #543 ), #1095, .F. ) ;
#964 = CIRCLE ( 'NONE', #739, 5.000000000000000888 ) ;
#965 = CARTESIAN_POINT ( 'NONE',  ( 0.000000000000000000, 240.0000000000000000, 0.000000000000000000 ) ) ;
#966 = PRESENTATION_STYLE_ASSIGNMENT (( #311 ) ) ;
#967 = VERTEX_POINT ( 'NONE', #440 ) ;
#968 = CARTESIAN_POINT ( 'NONE',  ( -153.2058596236286121, 92.03459154352475480, 0.000000000000000000 ) ) ;
#969 = ORIENTED_EDGE ( 'NONE', *, *, #158, .T. ) ;
#970 = DIRECTION ( 'NONE',  ( 3.430248998885766570E-15, -1.000000000000000000, -3.491481338843133355E-15 ) ) ;
#971 = AXIS2_PLACEMENT_3D ( 'NONE', #1135, #1651, #1011 ) ;
#972 = PRODUCT_DEFINITION_CONTEXT ( 'detailed design', #1295, 'design' ) ;
#973 = FACE_OUTER_BOUND ( 'NONE', #1488, .T. ) ;
#974 = CARTESIAN_POINT ( 'NONE',  ( 42.20161617719109870, 72.40000000000010516, 1.829536221553800364E-13 ) ) ;
#975 = VERTEX_POINT ( 'NONE', #968 ) ;
#976 = CARTESIAN_POINT ( 'NONE',  ( 0.000000000000000000, 0.000000000000000000, 0.000000000000000000 ) ) ;
#977 = AXIS2_PLACEMENT_3D ( 'NONE', #665, #1187, #25 ) ;
#978 = ORIENTED_EDGE ( 'NONE', *, *, #825, .F. ) ;
#979 = CARTESIAN_POINT ( 'NONE',  ( -2.625978807532834449E-13, 96.24000615372091261, 113.8420887834189159 ) ) ;
#980 = AXIS2_PLACEMENT_3D ( 'NONE', #1108, #487, #321 ) ;
#981 = ADVANCED_BREP_SHAPE_REPRESENTATION ( '', ( #1366, #1113 ), #1621 ) ;
#982 = AXIS2_PLACEMENT_3D ( 'NONE', #1208, #821, #810 ) ;
#983 = EDGE_CURVE ( 'NONE', #144, #110, #689, .T. ) ;
#984 = DIRECTION ( 'NONE',  ( 3.430248998885766570E-15, -1.000000000000000000, -3.491481338843133355E-15 ) ) ;
#985 = LINE ( 'NONE', #201, #1035 ) ;
#986 = ORIENTED_EDGE ( 'NONE', *, *, #381, .F. ) ;
#987 = CARTESIAN_POINT ( 'NONE',  ( -153.2058596236286121, 98.00951734354312350, 4.355491554533983065E-12 ) ) ;
#988 = EDGE_CURVE ( 'NONE', #1381, #509, #839, .T. ) ;
#989 = ORIENTED_EDGE ( 'NONE', *, *, #1627, .T. ) ;
#990 = CARTESIAN_POINT ( 'NONE',  ( 0.000000000000000000, 333.2249122552443055, 1.093618935999963426E-12 ) ) ;
#991 = CARTESIAN_POINT ( 'NONE',  ( -3.938554225343378030E-13, 134.8183186300096850, 4.008860168540236247E-13 ) ) ;
#992 = TOROIDAL_SURFACE ( 'NONE', #1604, 108.1983838228084807, 4.000000000000000000 ) ;
#993 = CYLINDRICAL_SURFACE ( 'NONE', #1403, 153.2058596236283847 ) ;
#994 = ORIENTED_EDGE ( 'NONE', *, *, #1274, .T. ) ;
#995 = DIRECTION ( 'NONE',  ( 1.000000000000000000, 3.630692486451630463E-15, 1.776356839400263086E-15 ) ) ;
#996 = ORIENTED_EDGE ( 'NONE', *, *, #1235, .F. ) ;
#997 = CIRCLE ( 'NONE', #686, 4.000000000000003553 ) ;
#998 = CARTESIAN_POINT ( 'NONE',  ( 0.000000000000000000, 435.6544679330269787, 1.451249818194935553E-12 ) ) ;
#999 = DIRECTION ( 'NONE',  ( 1.000000000000000000, 0.000000000000000000, 0.000000000000000000 ) ) ;
#1000 = CARTESIAN_POINT ( 'NONE',  ( -3.642924436816678867E-13, 126.1999999999995623, 83.78217822076415189 ) ) ;
#1001 = CARTESIAN_POINT ( 'NONE',  ( -2.934579106599650912E-12, 875.5003171935559294, 0.000000000000000000 ) ) ;
#1002 = VERTEX_POINT ( 'NONE', #1521 ) ;
#1003 = FACE_OUTER_BOUND ( 'NONE', #856, .T. ) ;
#1004 = ORIENTED_EDGE ( 'NONE', *, *, #943, .T. ) ;
#1005 = FACE_OUTER_BOUND ( 'NONE', #203, .T. ) ;
#1006 = SHAPE_REPRESENTATION_RELATIONSHIP ( 'NONE' , 'NONE' ,  #756, #585 ) ;
#1007 =( GEOMETRIC_REPRESENTATION_CONTEXT ( 3 ) GLOBAL_UNCERTAINTY_ASSIGNED_CONTEXT ( ( #1090 ) ) GLOBAL_UNIT_ASSIGNED_CONTEXT ( ( #428, #1067, #563 ) ) REPRESENTATION_CONTEXT ( 'NONE', 'WORKASPACE' ) );
#1008 = ADVANCED_FACE ( 'NONE', ( #205 ), #1311, .T. ) ;
#1009 = DIRECTION ( 'NONE',  ( -3.430248998885766570E-15, 1.000000000000000000, 3.491481338843133355E-15 ) ) ;
#1010 = ORIENTED_EDGE ( 'NONE', *, *, #1578, .T. ) ;
#1011 = DIRECTION ( 'NONE',  ( 1.000000000000000000, 3.520345770966760945E-15, 1.250678057462110695E-29 ) ) ;
#1012 = EDGE_LOOP ( 'NONE', ( #411, #740, #1229, #52 ) ) ;
#1013 = DIRECTION ( 'NONE',  ( 3.430248998885766570E-15, -1.000000000000000000, -3.491481338843133355E-15 ) ) ;
#1014 = DIRECTION ( 'NONE',  ( 2.775557561562891351E-17, -1.243128870033822957E-16, -1.000000000000000000 ) ) ;
#1015 = EDGE_CURVE ( 'NONE', #234, #1548, #98, .T. ) ;
#1016 = DIRECTION ( 'NONE',  ( 0.000000000000000000, 3.491481338843133355E-15, -1.000000000000000000 ) ) ;
#1017 = CARTESIAN_POINT ( 'NONE',  ( 144.3107064399676744, 98.00951734354296718, 2.723687740571400461E-13 ) ) ;
#1018 = CIRCLE ( 'NONE', #1225, 4.000000000000003553 ) ;
#1019 = ORIENTED_EDGE ( 'NONE', *, *, #1138, .T. ) ;
#1020 = CARTESIAN_POINT ( 'NONE',  ( 0.000000000000000000, 1179.375129069240302, 4.047936627864101043E-12 ) ) ;
#1021 = EDGE_CURVE ( 'NONE', #1678, #1002, #1228, .T. ) ;
#1022 = VECTOR ( 'NONE', #93, 1000.000000000000114 ) ;
#1023 = ORIENTED_EDGE ( 'NONE', *, *, #1368, .T. ) ;
#1024 = DIRECTION ( 'NONE',  ( -1.000000000000000000, -3.559114898457884481E-15, -8.881784197001366708E-16 ) ) ;
#1025 = VECTOR ( 'NONE', #1125, 1000.000000000000000 ) ;
#1026 = AXIS2_PLACEMENT_3D ( 'NONE', #219, #1626, #750 ) ;
#1027 = CARTESIAN_POINT ( 'NONE',  ( -3.642924436816678867E-13, 126.1999999999998749, 3.707953181851403206E-13 ) ) ;
#1028 = VECTOR ( 'NONE', #1615, 1000.000000000000000 ) ;
#1029 = VERTEX_POINT ( 'NONE', #732 ) ;
#1030 = DIRECTION ( 'NONE',  ( -3.430248998885766570E-15, 1.000000000000000000, 3.491481338843133355E-15 ) ) ;
#1031 = ORIENTED_EDGE ( 'NONE', *, *, #419, .T. ) ;
#1032 = PRESENTATION_STYLE_ASSIGNMENT (( #267 ) ) ;
#1033 = AXIS2_PLACEMENT_3D ( 'NONE', #77, #1637, #879 ) ;
#1034 = DIRECTION ( 'NONE',  ( -1.000000000000000000, -3.430248998885766570E-15, -1.218722108796970109E-29 ) ) ;
#1035 = VECTOR ( 'NONE', #720, 1000.000000000000000 ) ;
#1036 = ORIENTED_EDGE ( 'NONE', *, *, #1627, .F. ) ;
#1037 = DIRECTION ( 'NONE',  ( 0.000000000000000000, -0.000000000000000000, -1.000000000000000000 ) ) ;
#1038 = AXIS2_PLACEMENT_3D ( 'NONE', #1098, #73, #842 ) ;
#1039 = ORIENTED_EDGE ( 'NONE', *, *, #419, .F. ) ;
#1040 = CARTESIAN_POINT ( 'NONE',  ( -1.783108129156978286E-13, 71.98188614692921306, 1.814937854398717296E-13 ) ) ;
#1041 = EDGE_CURVE ( 'NONE', #406, #1571, #1256, .T. ) ;
#1042 = CARTESIAN_POINT ( 'NONE',  ( 0.000000000000000000, 92.03459154352476901, -165.0100000000000477 ) ) ;
#1043 = ORIENTED_EDGE ( 'NONE', *, *, #859, .T. ) ;
#1044 = CARTESIAN_POINT ( 'NONE',  ( 0.000000000000000000, 875.5003171935559294, 2.986963392855681814E-12 ) ) ;
#1045 = VECTOR ( 'NONE', #802, 1000.000000000000000 ) ;
#1046 = ORIENTED_EDGE ( 'NONE', *, *, #1409, .F. ) ;
#1047 = DIRECTION ( 'NONE',  ( -0.000000000000000000, 0.000000000000000000, 1.000000000000000000 ) ) ;
#1048 = AXIS2_PLACEMENT_3D ( 'NONE', #1071, #5, #1416 ) ;
#1049 = EDGE_CURVE ( 'NONE', #1381, #1063, #496, .T. ) ;
#1050 = CYLINDRICAL_SURFACE ( 'NONE', #1048, 165.0000000000000284 ) ;
#1051 = AXIS2_PLACEMENT_3D ( 'NONE', #633, #617, #741 ) ;
#1052 = ORIENTED_EDGE ( 'NONE', *, *, #1386, .F. ) ;
#1053 = DIRECTION ( 'NONE',  ( 1.000000000000000000, 3.430248998885766570E-15, 1.197665036719499374E-29 ) ) ;
#1054 = ORIENTED_EDGE ( 'NONE', *, *, #524, .T. ) ;
#1055 = DIRECTION ( 'NONE',  ( -1.000000000000000000, -3.430248998885766570E-15, -1.197665036719499374E-29 ) ) ;
#1056 = SHAPE_DEFINITION_REPRESENTATION ( #512, #798 ) ;
#1057 = CARTESIAN_POINT ( 'NONE',  ( -3.334202026916956665E-13, 121.1999999999995055, 107.6170715407787668 ) ) ;
#1058 = EDGE_CURVE ( 'NONE', #945, #456, #605, .T. ) ;
#1059 = AXIS2_PLACEMENT_3D ( 'NONE', #1600, #836, #1342 ) ;
#1060 = DIRECTION ( 'NONE',  ( 3.430248998885766570E-15, -1.000000000000000000, -3.491481338843133355E-15 ) ) ;
#1061 = CARTESIAN_POINT ( 'NONE',  ( -5.200257482310820621E-13, 171.6000000000000227, 5.293085709686190419E-13 ) ) ;
#1062 = AXIS2_PLACEMENT_3D ( 'NONE', #765, #888, #242 ) ;
#1063 = VERTEX_POINT ( 'NONE', #875 ) ;
#1064 = CARTESIAN_POINT ( 'NONE',  ( -3.471411986872387801E-13, 121.1999999999998749, 3.533379114909246664E-13 ) ) ;
#1065 = CARTESIAN_POINT ( 'NONE',  ( 0.000000000000000000, 129.8183186300096850, 3.834286101598079201E-13 ) ) ;
#1066 = DIRECTION ( 'NONE',  ( -1.394137954649049818E-16, 1.000000000000000000, 0.000000000000000000 ) ) ;
#1067 =( NAMED_UNIT ( * ) PLANE_ANGLE_UNIT ( ) SI_UNIT ( $, .RADIAN. ) );
#1068 = ORIENTED_EDGE ( 'NONE', *, *, #1386, .T. ) ;
#1069 = DIRECTION ( 'NONE',  ( 0.000000000000000000, 3.491481338843133355E-15, -1.000000000000000000 ) ) ;
#1070 = VERTEX_POINT ( 'NONE', #97 ) ;
#1071 = CARTESIAN_POINT ( 'NONE',  ( 0.000000000000000000, 240.0000000000000000, 0.000000000000000000 ) ) ;
#1072 = CIRCLE ( 'NONE', #1638, 19.15097646241898133 ) ;
#1073 = LINE ( 'NONE', #1585, #1279 ) ;
#1074 = FILL_AREA_STYLE_COLOUR ( '', #804 ) ;
#1075 = ORIENTED_EDGE ( 'NONE', *, *, #811, .T. ) ;
#1076 = DIRECTION ( 'NONE',  ( 1.000000000000000000, 1.394137954649049818E-16, 0.000000000000000000 ) ) ;
#1077 = EDGE_CURVE ( 'NONE', #63, #1371, #1610, .T. ) ;
#1078 = VERTEX_POINT ( 'NONE', #1640 ) ;
#1079 = CARTESIAN_POINT ( 'NONE',  ( 0.000000000000000000, 0.000000000000000000, 0.000000000000000000 ) ) ;
#1080 = CONICAL_SURFACE ( 'NONE', #179, 79.28015799927450757, 0.1047197551196448750 ) ;
#1081 = AXIS2_PLACEMENT_3D ( 'NONE', #165, #970, #459 ) ;
#1082 = CARTESIAN_POINT ( 'NONE',  ( -76.97647140428225043, 143.1181138530703834, 0.000000000000000000 ) ) ;
#1083 = EDGE_CURVE ( 'NONE', #456, #1339, #475, .T. ) ;
#1084 = AXIS2_PLACEMENT_3D ( 'NONE', #939, #1317, #676 ) ;
#1085 = ORIENTED_EDGE ( 'NONE', *, *, #1155, .T. ) ;
#1086 = DIRECTION ( 'NONE',  ( -3.430248998885766570E-15, 1.000000000000000000, 3.491481338843133355E-15 ) ) ;
#1087 = ADVANCED_FACE ( 'NONE', ( #1003 ), #70, .T. ) ;
#1088 = ORIENTED_EDGE ( 'NONE', *, *, #988, .T. ) ;
#1089 = CARTESIAN_POINT ( 'NONE',  ( 0.000000000000000000, 0.000000000000000000, 0.000000000000000000 ) ) ;
#1090 = UNCERTAINTY_MEASURE_WITH_UNIT (LENGTH_MEASURE( 1.000000000000000082E-05 ), #428, 'distance_accuracy_value', 'NONE');
#1091 = DIRECTION ( 'NONE',  ( 1.394137954649049818E-16, -1.000000000000000000, -0.000000000000000000 ) ) ;
#1092 = CARTESIAN_POINT ( 'NONE',  ( 38.59999999999982379, 171.6000000000001364, 0.000000000000000000 ) ) ;
#1093 = PRODUCT ( 'upper_mold_mohammmadddddd', 'upper_mold_mohammmadddddd', '', ( #917 ) ) ;
#1094 = ORIENTED_EDGE ( 'NONE', *, *, #518, .F. ) ;
#1095 = PLANE ( 'NONE',  #14 ) ;
#1096 = EDGE_CURVE ( 'NONE', #432, #488, #330, .T. ) ;
#1097 = ORIENTED_EDGE ( 'NONE', *, *, #1138, .F. ) ;
#1098 = CARTESIAN_POINT ( 'NONE',  ( -3.624996503992734479E-13, 125.6773576836616968, 3.689705222907557891E-13 ) ) ;
#1099 = DIRECTION ( 'NONE',  ( -3.430248998885766570E-15, 1.000000000000000000, 3.491481338843133355E-15 ) ) ;
#1100 =( GEOMETRIC_REPRESENTATION_CONTEXT ( 3 ) GLOBAL_UNCERTAINTY_ASSIGNED_CONTEXT ( ( #434 ) ) GLOBAL_UNIT_ASSIGNED_CONTEXT ( ( #1676, #510, #137 ) ) REPRESENTATION_CONTEXT ( 'NONE', 'WORKASPACE' ) );
#1101 = EDGE_LOOP ( 'NONE', ( #224, #395, #1465, #1540 ) ) ;
#1102 = CARTESIAN_POINT ( 'NONE',  ( -1.718386529334286788E-12, 520.9509600884550764, 0.000000000000000000 ) ) ;
#1103 = EDGE_LOOP ( 'NONE', ( #474, #553, #476, #714 ) ) ;
#1104 = DIRECTION ( 'NONE',  ( 1.000000000000000000, 3.430248998885766570E-15, 1.218249676665297423E-29 ) ) ;
#1105 = EDGE_CURVE ( 'NONE', #1070, #2, #1442, .T. ) ;
#1106 = ADVANCED_FACE ( 'NONE', ( #615 ), #612, .T. ) ;
#1107 = CARTESIAN_POINT ( 'NONE',  ( 0.000000000000000000, 87.82917693332659326, -113.8420887834183475 ) ) ;
#1108 = CARTESIAN_POINT ( 'NONE',  ( -2.294836580254579504E-13, 86.90000000000010516, 2.335801015686059686E-13 ) ) ;
#1109 = VERTEX_POINT ( 'NONE', #883 ) ;
#1110 = CARTESIAN_POINT ( 'NONE',  ( -3.334202026916956665E-13, 117.1999999999998749, 3.393719861355521330E-13 ) ) ;
#1111 = AXIS2_PLACEMENT_3D ( 'NONE', #104, #1237, #852 ) ;
#1112 = EDGE_LOOP ( 'NONE', ( #1411, #1493, #731, #530 ) ) ;
#1113 = AXIS2_PLACEMENT_3D ( 'NONE', #1497, #485, #999 ) ;
#1114 = CARTESIAN_POINT ( 'NONE',  ( -2.418860372980112962E-13, 90.51559154352426617, 2.462038719716995690E-13 ) ) ;
#1115 = DIRECTION ( 'NONE',  ( -1.000000000000000000, -3.430248998885766570E-15, -1.155705171389629204E-29 ) ) ;
#1116 = ADVANCED_FACE ( 'NONE', ( #1144 ), #1631, .F. ) ;
#1117 = ORIENTED_EDGE ( 'NONE', *, *, #1049, .F. ) ;
#1118 = CARTESIAN_POINT ( 'NONE',  ( -5.077389868614546713E-13, 168.0181138530706164, 5.168024823287542851E-13 ) ) ;
#1119 = ORIENTED_EDGE ( 'NONE', *, *, #74, .T. ) ;
#1120 = DIRECTION ( 'NONE',  ( 0.000000000000000000, 0.000000000000000000, -1.000000000000000000 ) ) ;
#1121 = CARTESIAN_POINT ( 'NONE',  ( -4.428451457561530515E-13, 149.5181138530706448, 25.72352859571888573 ) ) ;
#1122 = VECTOR ( 'NONE', #610, 1000.000000000000000 ) ;
#1123 = CARTESIAN_POINT ( 'NONE',  ( -1.797450475416143087E-13, 71.98188614692959675, -112.1764714042814006 ) ) ;
#1124 = ORIENTED_EDGE ( 'NONE', *, *, #1642, .T. ) ;
#1125 = DIRECTION ( 'NONE',  ( 0.000000000000000000, -1.000000000000000000, 0.000000000000000000 ) ) ;
#1126 = ADVANCED_FACE ( 'NONE', ( #584 ), #715, .F. ) ;
#1127 = VERTEX_POINT ( 'NONE', #987 ) ;
#1128 = AXIS2_PLACEMENT_3D ( 'NONE', #1064, #407, #1558 ) ;
#1129 = LINE ( 'NONE', #1644, #814 ) ;
#1130 = EDGE_CURVE ( 'NONE', #1127, #1371, #722, .T. ) ;
#1131 = VECTOR ( 'NONE', #1076, 1000.000000000000000 ) ;
#1132 = DIRECTION ( 'NONE',  ( -1.000000000000000000, -3.570834522056201113E-15, 8.881784197001138925E-16 ) ) ;
#1133 = CARTESIAN_POINT ( 'NONE',  ( -3.334202026916956665E-13, 117.1999999999995055, 107.6170715407787526 ) ) ;
#1134 = ORIENTED_EDGE ( 'NONE', *, *, #728, .F. ) ;
#1135 = CARTESIAN_POINT ( 'NONE',  ( -3.024851242394748972E-13, 108.1816813699909261, 3.078846949311344785E-13 ) ) ;
#1136 = ORIENTED_EDGE ( 'NONE', *, *, #381, .T. ) ;
#1137 = DIRECTION ( 'NONE',  ( 3.430248998885766570E-15, -1.000000000000000000, -3.491481338843133355E-15 ) ) ;
#1138 = EDGE_CURVE ( 'NONE', #1344, #776, #656, .T. ) ;
#1139 =( LENGTH_UNIT ( ) NAMED_UNIT ( * ) SI_UNIT ( .MILLI., .METRE. ) );
#1140 = AXIS2_PLACEMENT_3D ( 'NONE', #974, #827, #287 ) ;
#1141 = DIRECTION ( 'NONE',  ( 0.000000000000000000, -0.000000000000000000, -1.000000000000000000 ) ) ;
#1142 = DIRECTION ( 'NONE',  ( -1.000000000000000000, -3.413307527746292130E-15, -1.212650434377697241E-29 ) ) ;
#1143 = VERTEX_POINT ( 'NONE', #1503 ) ;
#1144 = FACE_OUTER_BOUND ( 'NONE', #499, .T. ) ;
#1145 = ORIENTED_EDGE ( 'NONE', *, *, #867, .T. ) ;
#1146 = CARTESIAN_POINT ( 'NONE',  ( -3.642924436816678867E-13, 125.6773576836614268, 78.80956874392278166 ) ) ;
#1147 = CIRCLE ( 'NONE', #1385, 5.000000000000004441 ) ;
#1148 = ORIENTED_EDGE ( 'NONE', *, *, #588, .F. ) ;
#1149 = LINE ( 'NONE', #265, #726 ) ;
#1150 = TOROIDAL_SURFACE ( 'NONE', #1356, 19.15097646241898133, 5.000000000000000000 ) ;
#1151 = ORIENTED_EDGE ( 'NONE', *, *, #210, .T. ) ;
#1152 = DIRECTION ( 'NONE',  ( 1.000000000000000000, 0.000000000000000000, 0.000000000000000000 ) ) ;
#1153 = AXIS2_PLACEMENT_3D ( 'NONE', #1168, #123, #388 ) ;
#1154 = LINE ( 'NONE', #377, #727 ) ;
#1155 = EDGE_CURVE ( 'NONE', #192, #1344, #1641, .T. ) ;
#1156 = EDGE_LOOP ( 'NONE', ( #47, #1272, #908, #273 ) ) ;
#1157 = PLANE ( 'NONE',  #1542 ) ;
#1158 = ORIENTED_EDGE ( 'NONE', *, *, #595, .F. ) ;
#1159 = DIRECTION ( 'NONE',  ( -1.000000000000000000, -3.335800403617319923E-15, -1.185114372367948449E-29 ) ) ;
#1160 = ORIENTED_EDGE ( 'NONE', *, *, #1083, .F. ) ;
#1161 = TOROIDAL_SURFACE ( 'NONE', #700, 42.20161617719127634, 4.000000000000000000 ) ;
#1162 = CARTESIAN_POINT ( 'NONE',  ( 0.000000000000000000, 0.000000000000000000, 0.000000000000000000 ) ) ;
#1163 = AXIS2_PLACEMENT_3D ( 'NONE', #845, #1380, #730 ) ;
#1164 = ORIENTED_EDGE ( 'NONE', *, *, #942, .T. ) ;
#1165 = CARTESIAN_POINT ( 'NONE',  ( 0.000000000000000000, 240.0000000000000000, -165.0000000000000284 ) ) ;
#1166 = EDGE_CURVE ( 'NONE', #1562, #420, #1149, .T. ) ;
#1167 = ORIENTED_EDGE ( 'NONE', *, *, #1077, .F. ) ;
#1168 = CARTESIAN_POINT ( 'NONE',  ( -83.78217822076413768, 126.1999999999995907, 3.707953181851403206E-13 ) ) ;
#1169 = CONTEXT_DEPENDENT_SHAPE_REPRESENTATION ( #606, #1462 ) ;
#1170 = CARTESIAN_POINT ( 'NONE',  ( -2.432046540210010640E-13, 90.90000000000020464, -29.49140770665962563 ) ) ;
#1171 = VERTEX_POINT ( 'NONE', #761 ) ;
#1172 = FACE_OUTER_BOUND ( 'NONE', #1347, .T. ) ;
#1173 = ORIENTED_EDGE ( 'NONE', *, *, #133, .F. ) ;
#1174 = CARTESIAN_POINT ( 'NONE',  ( -4.208915521632833629E-13, 142.6999999999997328, 72.99838382280917415 ) ) ;
#1175 = CIRCLE ( 'NONE', #1606, 4.000000000000000000 ) ;
#1176 = ADVANCED_FACE ( 'NONE', ( #1546 ), #279, .F. ) ;
#1177 = ORIENTED_EDGE ( 'NONE', *, *, #1277, .F. ) ;
#1178 = CARTESIAN_POINT ( 'NONE',  ( -5.063047522355392010E-13, 167.6000000000000227, 5.153426456132465590E-13 ) ) ;
#1179 = AXIS2_PLACEMENT_3D ( 'NONE', #1110, #855, #1361 ) ;
#1180 = ORIENTED_EDGE ( 'NONE', *, *, #887, .T. ) ;
#1181 = LINE ( 'NONE', #631, #1677 ) ;
#1182 = AXIS2_PLACEMENT_3D ( 'NONE', #829, #1221, #61 ) ;
#1183 = EDGE_LOOP ( 'NONE', ( #1197, #349, #1306, #1241 ) ) ;
#1184 = PLANE ( 'NONE',  #360 ) ;
#1185 = LINE ( 'NONE', #132, #790 ) ;
#1186 = DIRECTION ( 'NONE',  ( 0.000000000000000000, 3.491481338843133355E-15, -1.000000000000000000 ) ) ;
#1187 = DIRECTION ( 'NONE',  ( 0.000000000000000000, -0.000000000000000000, -1.000000000000000000 ) ) ;
#1188 = CIRCLE ( 'NONE', #159, 3.999999999999996447 ) ;
#1189 = ORIENTED_EDGE ( 'NONE', *, *, #23, .T. ) ;
#1190 = FACE_OUTER_BOUND ( 'NONE', #1156, .T. ) ;
#1191 = CIRCLE ( 'NONE', #812, 42.20161617719127634 ) ;
#1192 = ORIENTED_EDGE ( 'NONE', *, *, #889, .T. ) ;
#1193 = CARTESIAN_POINT ( 'NONE',  ( 4.930380657631323784E-29, 93.55359154352380813, 116.8256544695237409 ) ) ;
#1194 = CARTESIAN_POINT ( 'NONE',  ( 153.2058596236281574, 90.51559154352472092, 2.462038719717011846E-13 ) ) ;
#1195 = CARTESIAN_POINT ( 'NONE',  ( -2.615222047838467411E-13, 96.24000615372129630, 2.661905587590035552E-13 ) ) ;
#1196 = EDGE_CURVE ( 'NONE', #2, #490, #777, .T. ) ;
#1197 = ORIENTED_EDGE ( 'NONE', *, *, #942, .F. ) ;
#1198 = CARTESIAN_POINT ( 'NONE',  ( 112.1764714042814148, 71.98188614692968201, 0.000000000000000000 ) ) ;
#1199 = ORIENTED_EDGE ( 'NONE', *, *, #254, .F. ) ;
#1200 = DIRECTION ( 'NONE',  ( -1.000000000000000000, -1.394137954649049818E-16, 0.000000000000000000 ) ) ;
#1201 = AXIS2_PLACEMENT_3D ( 'NONE', #1268, #111, #1055 ) ;
#1202 = LINE ( 'NONE', #169, #962 ) ;
#1203 = ADVANCED_FACE ( 'NONE', ( #396 ), #783, .F. ) ;
#1204 = ORIENTED_EDGE ( 'NONE', *, *, #75, .T. ) ;
#1205 = DIRECTION ( 'NONE',  ( 0.1736481776669256127, 0.9848077530122090195, -0.000000000000000000 ) ) ;
#1206 = VECTOR ( 'NONE', #1533, 1000.000000000000000 ) ;
#1207 = ORIENTED_EDGE ( 'NONE', *, *, #403, .T. ) ;
#1208 = CARTESIAN_POINT ( 'NONE',  ( -1.660240515460705892E-13, 68.39999999999976410, 1.689876968000068214E-13 ) ) ;
#1209 = DIRECTION ( 'NONE',  ( -1.000000000000000000, -1.682156097916903588E-16, 0.000000000000000000 ) ) ;
#1210 = CARTESIAN_POINT ( 'NONE',  ( -65.26200121046670688, 150.8317591116655194, 0.000000000000000000 ) ) ;
#1211 = EDGE_CURVE ( 'NONE', #501, #420, #1181, .T. ) ;
#1212 = CONICAL_SURFACE ( 'NONE', #1315, 114.1244423366299401, 0.1047197551196493576 ) ;
#1213 = ORIENTED_EDGE ( 'NONE', *, *, #105, .T. ) ;
#1214 = CARTESIAN_POINT ( 'NONE',  ( 0.000000000000000000, 108.1816813699907698, -4.930380657631323784E-29 ) ) ;
#1215 = ORIENTED_EDGE ( 'NONE', *, *, #1166, .F. ) ;
#1216 = LINE ( 'NONE', #1079, #1544 ) ;
#1217 = UNCERTAINTY_MEASURE_WITH_UNIT (LENGTH_MEASURE( 1.000000000000000082E-05 ), #1524, 'distance_accuracy_value', 'NONE');
#1218 = DIRECTION ( 'NONE',  ( 0.000000000000000000, -0.000000000000000000, -1.000000000000000000 ) ) ;
#1219 = LINE ( 'NONE', #447, #535 ) ;
#1220 = ORIENTED_EDGE ( 'NONE', *, *, #1049, .T. ) ;
#1221 = DIRECTION ( 'NONE',  ( -3.430248998885766570E-15, 1.000000000000000000, 3.491481338843133355E-15 ) ) ;
#1222 = EDGE_LOOP ( 'NONE', ( #1407, #1336, #384, #1094, #99, #924, #441, #357, #996, #1238, #423, #1319, #215, #1622, #28, #779, #1177, #1160 ) ) ;
#1223 = DIRECTION ( 'NONE',  ( -3.430248998885766570E-15, 1.000000000000000000, 3.491481338843133355E-15 ) ) ;
#1224 = EDGE_CURVE ( 'NONE', #616, #144, #1294, .T. ) ;
#1225 = AXIS2_PLACEMENT_3D ( 'NONE', #76, #1218, #1357 ) ;
#1226 = CARTESIAN_POINT ( 'NONE',  ( -2.871266725274399266E-13, 103.7043236863289621, 2.922520841313028509E-13 ) ) ;
#1227 = CARTESIAN_POINT ( 'NONE',  ( -127.7944423366334519, 93.55359154352457551, 0.000000000000000000 ) ) ;
#1228 = CIRCLE ( 'NONE', #580, 5.000000000000000888 ) ;
#1229 = ORIENTED_EDGE ( 'NONE', *, *, #793, .T. ) ;
#1230 = DIRECTION ( 'NONE',  ( -3.430248998885766570E-15, 1.000000000000000000, 3.491481338843133355E-15 ) ) ;
#1231 = VERTEX_POINT ( 'NONE', #922 ) ;
#1232 = PRODUCT_DEFINITION_FORMATION_WITH_SPECIFIED_SOURCE ( 'ANY', '', #769, .NOT_KNOWN. ) ;
#1233 = DIRECTION ( 'NONE',  ( -1.000000000000000000, -0.000000000000000000, -0.000000000000000000 ) ) ;
#1234 = VECTOR ( 'NONE', #1230, 1000.000000000000000 ) ;
#1235 = EDGE_CURVE ( 'NONE', #337, #1231, #48, .T. ) ;
#1236 = LINE ( 'NONE', #479, #709 ) ;
#1237 = DIRECTION ( 'NONE',  ( 0.000000000000000000, -0.000000000000000000, -1.000000000000000000 ) ) ;
#1238 = ORIENTED_EDGE ( 'NONE', *, *, #955, .F. ) ;
#1239 = DIRECTION ( 'NONE',  ( 1.000000000000000000, 3.430248998885766570E-15, 0.000000000000000000 ) ) ;
#1240 = AXIS2_PLACEMENT_3D ( 'NONE', #1555, #370, #271 ) ;
#1241 = ORIENTED_EDGE ( 'NONE', *, *, #837, .F. ) ;
#1242 = FACE_OUTER_BOUND ( 'NONE', #1650, .T. ) ;
#1243 = VECTOR ( 'NONE', #1511, 1000.000000000000114 ) ;
#1244 = FACE_OUTER_BOUND ( 'NONE', #1605, .T. ) ;
#1245 = CARTESIAN_POINT ( 'NONE',  ( -4.258611031913889339E-12, 92.03459154352478322, -153.2058596236281289 ) ) ;
#1246 = ADVANCED_FACE ( 'NONE', ( #658 ), #213, .T. ) ;
#1247 = EDGE_LOOP ( 'NONE', ( #986, #787, #1119, #295 ) ) ;
#1248 = DIRECTION ( 'NONE',  ( -1.000000000000000000, -0.000000000000000000, -0.000000000000000000 ) ) ;
#1249 = ORIENTED_EDGE ( 'NONE', *, *, #1105, .F. ) ;
#1250 = DIRECTION ( 'NONE',  ( -1.000000000000000000, -0.000000000000000000, -0.000000000000000000 ) ) ;
#1251 = CIRCLE ( 'NONE', #194, 24.12358593926022721 ) ;
#1252 = DIRECTION ( 'NONE',  ( -3.430248998885766570E-15, 1.000000000000000000, 3.491481338843133355E-15 ) ) ;
#1253 = AXIS2_PLACEMENT_3D ( 'NONE', #275, #789, #486 ) ;
#1254 = CARTESIAN_POINT ( 'NONE',  ( 0.000000000000000000, 0.000000000000000000, 0.000000000000000000 ) ) ;
#1255 = ORIENTED_EDGE ( 'NONE', *, *, #983, .T. ) ;
#1256 = LINE ( 'NONE', #89, #791 ) ;
#1257 = EDGE_CURVE ( 'NONE', #1344, #449, #1570, .T. ) ;
#1258 = ORIENTED_EDGE ( 'NONE', *, *, #223, .F. ) ;
#1259 = STYLED_ITEM ( 'NONE', ( #1032 ), #824 ) ;
#1260 = CARTESIAN_POINT ( 'NONE',  ( -3.920626292519431622E-13, 134.2956763136714073, 3.990612209596388408E-13 ) ) ;
#1261 =( NAMED_UNIT ( * ) SI_UNIT ( $, .STERADIAN. ) SOLID_ANGLE_UNIT ( ) );
#1262 = AXIS2_PLACEMENT_3D ( 'NONE', #296, #847, #685 ) ;
#1263 = FACE_OUTER_BOUND ( 'NONE', #1103, .T. ) ;
#1264 = FACE_OUTER_BOUND ( 'NONE', #347, .T. ) ;
#1265 = ORIENTED_EDGE ( 'NONE', *, *, #75, .F. ) ;
#1266 = CARTESIAN_POINT ( 'NONE',  ( -2.675920687712485619E-13, 98.00951734354244138, 2.723687740571381781E-13 ) ) ;
#1267 = VERTEX_POINT ( 'NONE', #768 ) ;
#1268 = CARTESIAN_POINT ( 'NONE',  ( 26.09999999999971365, 153.1000000000001933, 4.647161662000216617E-13 ) ) ;
#1269 = CIRCLE ( 'NONE', #184, 72.99838382280873361 ) ;
#1270 = VECTOR ( 'NONE', #629, 1000.000000000000000 ) ;
#1271 = CARTESIAN_POINT ( 'NONE',  ( -5.063047522355388980E-13, 167.5999999999998806, 42.20161617719220715 ) ) ;
#1272 = ORIENTED_EDGE ( 'NONE', *, *, #1603, .T. ) ;
#1273 = DIRECTION ( 'NONE',  ( 3.430248998885766570E-15, -1.000000000000000000, -3.491481338843133355E-15 ) ) ;
#1274 = EDGE_CURVE ( 'NONE', #362, #192, #78, .T. ) ;
#1275 = ORIENTED_EDGE ( 'NONE', *, *, #168, .T. ) ;
#1276 = CARTESIAN_POINT ( 'NONE',  ( -1.797450475416143087E-13, 72.40000000000033253, -108.1983838228082959 ) ) ;
#1277 = EDGE_CURVE ( 'NONE', #1339, #795, #645, .T. ) ;
#1278 = DIRECTION ( 'NONE',  ( 1.000000000000000000, 0.000000000000000000, 0.000000000000000000 ) ) ;
#1279 = VECTOR ( 'NONE', #1060, 1000.000000000000000 ) ;
#1280 = VERTEX_POINT ( 'NONE', #1301 ) ;
#1281 = ORIENTED_EDGE ( 'NONE', *, *, #1575, .F. ) ;
#1282 = CARTESIAN_POINT ( 'NONE',  ( -5.063047522355388980E-13, 168.0181138530704743, 38.22352859571910955 ) ) ;
#1283 = CIRCLE ( 'NONE', #552, 24.12358593926035155 ) ;
#1284 = AXIS2_PLACEMENT_3D ( 'NONE', #735, #1365, #868 ) ;
#1285 = LINE ( 'NONE', #759, #538 ) ;
#1286 = AXIS2_PLACEMENT_3D ( 'NONE', #961, #307, #1340 ) ;
#1287 = EDGE_LOOP ( 'NONE', ( #1255, #120, #1068, #978 ) ) ;
#1288 = DIRECTION ( 'NONE',  ( -1.000000000000000000, -3.288449368750681117E-15, -1.168291905440341735E-29 ) ) ;
#1289 = ORIENTED_EDGE ( 'NONE', *, *, #35, .T. ) ;
#1290 = DIRECTION ( 'NONE',  ( 3.430248998885766570E-15, -1.000000000000000000, -3.491481338843133355E-15 ) ) ;
#1291 = DIRECTION ( 'NONE',  ( 1.000000000000000000, 3.236986968449815274E-15, 1.776356839400260720E-15 ) ) ;
#1292 = VECTOR ( 'NONE', #736, 1000.000000000000000 ) ;
#1293 = ORIENTED_EDGE ( 'NONE', *, *, #811, .F. ) ;
#1294 = LINE ( 'NONE', #1044, #923 ) ;
#1295 = APPLICATION_CONTEXT ( 'automotive_design' ) ;
#1296 = ADVANCED_FACE ( 'NONE', ( #1172 ), #116, .F. ) ;
#1297 = ORIENTED_EDGE ( 'NONE', *, *, #1058, .T. ) ;
#1298 = CARTESIAN_POINT ( 'NONE',  ( 0.000000000000000000, 153.0999999999999943, 29.70161617719199043 ) ) ;
#1299 = CARTESIAN_POINT ( 'NONE',  ( -19.15097646241937568, 134.8183186300096281, 4.008860168540236247E-13 ) ) ;
#1300 = EDGE_LOOP ( 'NONE', ( #1265, #369, #927, #1428 ) ) ;
#1301 = CARTESIAN_POINT ( 'NONE',  ( -62.18283248734044122, 168.2945927106675583, 5.153426456132465590E-13 ) ) ;
#1302 = AXIS2_PLACEMENT_3D ( 'NONE', #294, #693, #1209 ) ;
#1303 = ORIENTED_EDGE ( 'NONE', *, *, #230, .F. ) ;
#1304 = DIRECTION ( 'NONE',  ( -1.000000000000000000, -3.461977100702158022E-15, -1.195776302909869343E-29 ) ) ;
#1305 = PRODUCT_DEFINITION ( 'UNKNOWN', '', #1232, #1608 ) ;
#1306 = ORIENTED_EDGE ( 'NONE', *, *, #1516, .F. ) ;
#1307 = DIRECTION ( 'NONE',  ( -0.000000000000000000, -1.000000000000000000, -0.000000000000000000 ) ) ;
#1308 = AXIS2_PLACEMENT_3D ( 'NONE', #1458, #1477, #314 ) ;
#1309 = FACE_OUTER_BOUND ( 'NONE', #574, .T. ) ;
#1310 = DIRECTION ( 'NONE',  ( 1.000000000000000000, 2.775557561562892929E-15, 0.000000000000000000 ) ) ;
#1311 = CONICAL_SURFACE ( 'NONE', #577, 36.65557164758506303, 0.1047197551196494686 ) ;
#1312 = ORIENTED_EDGE ( 'NONE', *, *, #728, .T. ) ;
#1313 = DIRECTION ( 'NONE',  ( -1.000000000000000000, -2.898606832930447236E-15, -1.287240018102074878E-29 ) ) ;
#1314 = PLANE ( 'NONE',  #1286 ) ;
#1315 = AXIS2_PLACEMENT_3D ( 'NONE', #1612, #948, #152 ) ;
#1316 = CARTESIAN_POINT ( 'NONE',  ( 37.12616090293694526, 82.42264231633843963, 2.161226948743902892E-13 ) ) ;
#1317 = DIRECTION ( 'NONE',  ( -1.000000000000000000, -0.000000000000000000, -0.000000000000000000 ) ) ;
#1318 = VECTOR ( 'NONE', #752, 1000.000000000000000 ) ;
#1319 = ORIENTED_EDGE ( 'NONE', *, *, #324, .F. ) ;
#1320 = DIRECTION ( 'NONE',  ( -0.000000000000000000, 0.000000000000000000, 1.000000000000000000 ) ) ;
#1321 = EDGE_LOOP ( 'NONE', ( #723, #1630, #1419, #439 ) ) ;
#1322 = DIRECTION ( 'NONE',  ( 0.000000000000000000, -0.000000000000000000, 1.000000000000000000 ) ) ;
#1323 = EDGE_CURVE ( 'NONE', #7, #550, #317, .T. ) ;
#1324 = ADVANCED_FACE ( 'NONE', ( #8 ), #1157, .F. ) ;
#1325 = DIRECTION ( 'NONE',  ( 0.9654800444537022797, -0.2604770311595188126, 0.000000000000000000 ) ) ;
#1326 = CARTESIAN_POINT ( 'NONE',  ( -38.22352859571912376, 168.0181138530707301, 0.000000000000000000 ) ) ;
#1327 = EDGE_LOOP ( 'NONE', ( #644, #1249, #82, #451 ) ) ;
#1328 = CARTESIAN_POINT ( 'NONE',  ( -5.200257482310817592E-13, 171.5999999999999375, 5.293085709686188400E-13 ) ) ;
#1329 = ORIENTED_EDGE ( 'NONE', *, *, #1504, .F. ) ;
#1330 = CARTESIAN_POINT ( 'NONE',  ( -1.660240515460707912E-13, 68.39999999999996305, 1.689876968000074777E-13 ) ) ;
#1331 = ADVANCED_FACE ( 'NONE', ( #1406 ), #1161, .F. ) ;
#1332 = ADVANCED_FACE ( 'NONE', ( #1673 ), #778, .T. ) ;
#1333 = CIRCLE ( 'NONE', #937, 4.000000000000003553 ) ;
#1334 = CARTESIAN_POINT ( 'NONE',  ( -113.8420887834189159, 96.24000615372091261, 2.672854362956343245E-13 ) ) ;
#1335 = CARTESIAN_POINT ( 'NONE',  ( -3.024851242394743923E-13, 108.1816813699907840, 3.078846949311340241E-13 ) ) ;
#1336 = ORIENTED_EDGE ( 'NONE', *, *, #53, .F. ) ;
#1337 = AXIS2_PLACEMENT_3D ( 'NONE', #623, #1513, #1382 ) ;
#1338 = FACE_OUTER_BOUND ( 'NONE', #687, .T. ) ;
#1339 = VERTEX_POINT ( 'NONE', #1474 ) ;
#1340 = DIRECTION ( 'NONE',  ( 0.000000000000000000, -0.000000000000000000, 1.000000000000000000 ) ) ;
#1341 = CYLINDRICAL_SURFACE ( 'NONE', #822, 165.0000000000000284 ) ;
#1342 = DIRECTION ( 'NONE',  ( 0.000000000000000000, 0.000000000000000000, 1.000000000000000000 ) ) ;
#1343 = VECTOR ( 'NONE', #17, 1000.000000000000000 ) ;
#1344 = VERTEX_POINT ( 'NONE', #1326 ) ;
#1345 = CARTESIAN_POINT ( 'NONE',  ( 0.000000000000000000, 520.9509600884550764, 1.749060928824391963E-12 ) ) ;
#1346 = ADVANCED_FACE ( 'NONE', ( #1464 ), #1212, .F. ) ;
#1347 = EDGE_LOOP ( 'NONE', ( #136, #596, #1039 ) ) ;
#1348 = FACE_OUTER_BOUND ( 'NONE', #186, .T. ) ;
#1349 = DIRECTION ( 'NONE',  ( -3.430248998885766570E-15, 1.000000000000000000, 3.491481338843133355E-15 ) ) ;
#1350 = LINE ( 'NONE', #1656, #1292 ) ;
#1351 = ORIENTED_EDGE ( 'NONE', *, *, #272, .T. ) ;
#1352 = CARTESIAN_POINT ( 'NONE',  ( -2.123324130310291467E-13, 82.42264231633843963, -37.12616090293694526 ) ) ;
#1353 = ORIENTED_EDGE ( 'NONE', *, *, #887, .F. ) ;
#1354 = DIRECTION ( 'NONE',  ( 0.000000000000000000, 1.000000000000000000, 0.000000000000000000 ) ) ;
#1355 = APPLICATION_CONTEXT ( 'automotive_design' ) ;
#1356 = AXIS2_PLACEMENT_3D ( 'NONE', #991, #1349, #1498 ) ;
#1357 = DIRECTION ( 'NONE',  ( 1.000000000000000000, 0.000000000000000000, 0.000000000000000000 ) ) ;
#1358 = CARTESIAN_POINT ( 'NONE',  ( 0.000000000000000000, 240.0000000000000000, 165.0000000000000284 ) ) ;
#1359 = VECTOR ( 'NONE', #1523, 1000.000000000000000 ) ;
#1360 = EDGE_LOOP ( 'NONE', ( #332, #1124, #598 ) ) ;
#1361 = DIRECTION ( 'NONE',  ( -1.000000000000000000, -3.430248998885766570E-15, -1.174809874476981085E-29 ) ) ;
#1362 = ORIENTED_EDGE ( 'NONE', *, *, #893, .T. ) ;
#1363 = DIRECTION ( 'NONE',  ( 1.000000000000000000, 3.430248998885766570E-15, 0.000000000000000000 ) ) ;
#1364 = DIRECTION ( 'NONE',  ( 3.430248998885766570E-15, -1.000000000000000000, -3.491481338843133355E-15 ) ) ;
#1365 = DIRECTION ( 'NONE',  ( 0.000000000000000000, 0.000000000000000000, 1.000000000000000000 ) ) ;
#1366 = MANIFOLD_SOLID_BREP ( 'Cut-Extrude3', #894 ) ;
#1367 = AXIS2_PLACEMENT_3D ( 'NONE', #24, #286, #310 ) ;
#1368 = EDGE_CURVE ( 'NONE', #414, #192, #302, .T. ) ;
#1369 = DIRECTION ( 'NONE',  ( 3.430248998885766570E-15, -1.000000000000000000, -3.491481338843133355E-15 ) ) ;
#1370 = DIRECTION ( 'NONE',  ( 3.430248998885766570E-15, -1.000000000000000000, -3.491481338843133355E-15 ) ) ;
#1371 = VERTEX_POINT ( 'NONE', #51 ) ;
#1372 = DIRECTION ( 'NONE',  ( 3.430248998885766570E-15, -1.000000000000000000, -3.491481338843133355E-15 ) ) ;
#1373 = PRESENTATION_LAYER_ASSIGNMENT (  '', '', ( #292 ) ) ;
#1374 = ORIENTED_EDGE ( 'NONE', *, *, #331, .F. ) ;
#1375 = DIRECTION ( 'NONE',  ( -1.000000000000000000, -3.430248998885766570E-15, 0.000000000000000000 ) ) ;
#1376 = AXIS2_PLACEMENT_3D ( 'NONE', #1492, #328, #1115 ) ;
#1377 = CIRCLE ( 'NONE', #1038, 78.80956874392242639 ) ;
#1378 = EDGE_CURVE ( 'NONE', #490, #679, #1402, .T. ) ;
#1379 = LINE ( 'NONE', #190, #1122 ) ;
#1380 = DIRECTION ( 'NONE',  ( 3.430248998885766570E-15, -1.000000000000000000, -3.491481338843133355E-15 ) ) ;
#1381 = VERTEX_POINT ( 'NONE', #1445 ) ;
#1382 = DIRECTION ( 'NONE',  ( -1.000000000000000000, -3.190296047773417330E-15, -1.133420840834779614E-29 ) ) ;
#1383 = ORIENTED_EDGE ( 'NONE', *, *, #4, .F. ) ;
#1384 = FACE_OUTER_BOUND ( 'NONE', #88, .T. ) ;
#1385 = AXIS2_PLACEMENT_3D ( 'NONE', #1000, #200, #1510 ) ;
#1386 = EDGE_CURVE ( 'NONE', #397, #536, #1269, .T. ) ;
#1387 = DIRECTION ( 'NONE',  ( -1.000000000000000000, -0.000000000000000000, -0.000000000000000000 ) ) ;
#1388 = AXIS2_PLACEMENT_3D ( 'NONE', #461, #1252, #335 ) ;
#1389 = FACE_OUTER_BOUND ( 'NONE', #782, .T. ) ;
#1390 = ORIENTED_EDGE ( 'NONE', *, *, #507, .T. ) ;
#1391 = VECTOR ( 'NONE', #1239, 1000.000000000000000 ) ;
#1392 = ORIENTED_EDGE ( 'NONE', *, *, #1378, .F. ) ;
#1393 = CARTESIAN_POINT ( 'NONE',  ( 153.2058596236281289, 92.03459154352481164, 0.000000000000000000 ) ) ;
#1394 = CIRCLE ( 'NONE', #389, 58.24360147529110066 ) ;
#1395 = AXIS2_PLACEMENT_3D ( 'NONE', #228, #241, #717 ) ;
#1396 = FACE_OUTER_BOUND ( 'NONE', #1222, .T. ) ;
#1397 = EDGE_LOOP ( 'NONE', ( #1052, #1213, #1158, #1475 ) ) ;
#1398 = CARTESIAN_POINT ( 'NONE',  ( -4.517637931532552802E-13, 151.6999999999997328, 70.18603997552784790 ) ) ;
#1399 = ORIENTED_EDGE ( 'NONE', *, *, #799, .F. ) ;
#1400 = LINE ( 'NONE', #248, #1666 ) ;
#1401 = EDGE_CURVE ( 'NONE', #234, #1633, #453, .T. ) ;
#1402 = CIRCLE ( 'NONE', #1140, 3.999999999999996447 ) ;
#1403 = AXIS2_PLACEMENT_3D ( 'NONE', #862, #1370, #611 ) ;
#1404 = LINE ( 'NONE', #119, #79 ) ;
#1405 = EDGE_LOOP ( 'NONE', ( #188, #1596, #1587 ) ) ;
#1406 = FACE_OUTER_BOUND ( 'NONE', #56, .T. ) ;
#1407 = ORIENTED_EDGE ( 'NONE', *, *, #1058, .F. ) ;
#1408 = FILL_AREA_STYLE ('',( #1422 ) ) ;
#1409 = EDGE_CURVE ( 'NONE', #37, #1143, #1426, .T. ) ;
#1410 = FACE_OUTER_BOUND ( 'NONE', #162, .T. ) ;
#1411 = ORIENTED_EDGE ( 'NONE', *, *, #1444, .F. ) ;
#1412 = DIRECTION ( 'NONE',  ( 1.000000000000000000, 0.000000000000000000, 0.000000000000000000 ) ) ;
#1413 = VERTEX_POINT ( 'NONE', #1210 ) ;
#1414 = FACE_OUTER_BOUND ( 'NONE', #322, .T. ) ;
#1415 = AXIS2_PLACEMENT_3D ( 'NONE', #91, #100, #358 ) ;
#1416 = DIRECTION ( 'NONE',  ( 0.000000000000000000, 0.000000000000000000, -1.000000000000000000 ) ) ;
#1417 = VECTOR ( 'NONE', #1432, 1000.000000000000000 ) ;
#1418 = EDGE_CURVE ( 'NONE', #625, #1339, #399, .T. ) ;
#1419 = ORIENTED_EDGE ( 'NONE', *, *, #518, .T. ) ;
#1420 = CARTESIAN_POINT ( 'NONE',  ( 111.7999999999996845, 68.40000000000033253, 0.000000000000000000 ) ) ;
#1421 = ORIENTED_EDGE ( 'NONE', *, *, #403, .F. ) ;
#1422 = FILL_AREA_STYLE_COLOUR ( '', #95 ) ;
#1423 = ORIENTED_EDGE ( 'NONE', *, *, #293, .T. ) ;
#1424 = EDGE_CURVE ( 'NONE', #382, #684, #1219, .T. ) ;
#1425 = DIRECTION ( 'NONE',  ( 1.000000000000000000, 3.364206996701587212E-15, 1.195206421549808060E-29 ) ) ;
#1426 = CIRCLE ( 'NONE', #646, 3.000000000000002665 ) ;
#1427 = EDGE_CURVE ( 'NONE', #1267, #90, #1484, .T. ) ;
#1428 = ORIENTED_EDGE ( 'NONE', *, *, #1424, .F. ) ;
#1429 = CARTESIAN_POINT ( 'NONE',  ( -4.517637931532552802E-13, 151.6999999999999602, 4.598280923256406061E-13 ) ) ;
#1430 = ORIENTED_EDGE ( 'NONE', *, *, #422, .F. ) ;
#1431 = EDGE_CURVE ( 'NONE', #387, #142, #21, .T. ) ;
#1432 = DIRECTION ( 'NONE',  ( 0.000000000000000000, 3.491481338843133355E-15, -1.000000000000000000 ) ) ;
#1433 = CARTESIAN_POINT ( 'NONE',  ( -165.0000000000000284, 240.0000000000000000, 0.000000000000000000 ) ) ;
#1434 = EDGE_CURVE ( 'NONE', #1601, #958, #245, .T. ) ;
#1435 = CARTESIAN_POINT ( 'NONE',  ( 9.860761315262647568E-29, 98.00951734354192979, 144.3107064399682145 ) ) ;
#1436 = DIRECTION ( 'NONE',  ( 3.430248998885766570E-15, -1.000000000000000000, -3.491481338843133355E-15 ) ) ;
#1437 = VECTOR ( 'NONE', #327, 1000.000000000000000 ) ;
#1438 = ORIENTED_EDGE ( 'NONE', *, *, #1368, .F. ) ;
#1439 = SURFACE_SIDE_STYLE ('',( #154 ) ) ;
#1440 = ORIENTED_EDGE ( 'NONE', *, *, #324, .T. ) ;
#1441 = DIRECTION ( 'NONE',  ( 3.430248998885766570E-15, -1.000000000000000000, -3.491481338843133355E-15 ) ) ;
#1442 = CIRCLE ( 'NONE', #944, 108.1983838228084807 ) ;
#1443 = CARTESIAN_POINT ( 'NONE',  ( 165.0000000000000284, 92.03459154352472638, 0.000000000000000000 ) ) ;
#1444 = EDGE_CURVE ( 'NONE', #37, #432, #666, .T. ) ;
#1445 = CARTESIAN_POINT ( 'NONE',  ( -4.517637931532552802E-13, 150.8317591116650931, 65.26200121046679214 ) ) ;
#1446 = VECTOR ( 'NONE', #941, 1000.000000000000000 ) ;
#1447 = VECTOR ( 'NONE', #760, 1000.000000000000114 ) ;
#1448 = EDGE_LOOP ( 'NONE', ( #703, #1557, #854, #1173 ) ) ;
#1449 = DIRECTION ( 'NONE',  ( 3.430248998885766570E-15, -1.000000000000000000, -3.491481338843133355E-15 ) ) ;
#1450 = EDGE_CURVE ( 'NONE', #1231, #679, #1620, .T. ) ;
#1451 = EDGE_LOOP ( 'NONE', ( #865, #784, #1220, #933 ) ) ;
#1452 = DIRECTION ( 'NONE',  ( -1.000000000000000000, -3.430248998885766570E-15, 0.000000000000000000 ) ) ;
#1453 = AXIS2_PLACEMENT_3D ( 'NONE', #1061, #638, #1288 ) ;
#1454 = DIRECTION ( 'NONE',  ( 0.1045284632676396902, 0.9945218953682748442, -0.000000000000000000 ) ) ;
#1455 = SURFACE_STYLE_FILL_AREA ( #161 ) ;
#1456 = CIRCLE ( 'NONE', #1163, 29.70161617719152503 ) ;
#1457 = ORIENTED_EDGE ( 'NONE', *, *, #53, .T. ) ;
#1458 = CARTESIAN_POINT ( 'NONE',  ( -4.223257867891990352E-13, 143.1181138530705823, 4.298645969915601951E-13 ) ) ;
#1459 = VERTEX_POINT ( 'NONE', #212 ) ;
#1460 = CARTESIAN_POINT ( 'NONE',  ( -4.208915521632833629E-13, 146.6999999999997328, 72.99838382280918836 ) ) ;
#1461 = EDGE_CURVE ( 'NONE', #1413, #481, #157, .T. ) ;
#1462 = PRODUCT_DEFINITION_SHAPE ( 'NONE', 'NONE',  #1679 ) ;
#1463 = LINE ( 'NONE', #151, #1647 ) ;
#1464 = FACE_OUTER_BOUND ( 'NONE', #1112, .T. ) ;
#1465 = ORIENTED_EDGE ( 'NONE', *, *, #331, .T. ) ;
#1466 = DIRECTION ( 'NONE',  ( 1.000000000000000000, 3.430248998885766964E-15, 1.217963244029198832E-29 ) ) ;
#1467 = AXIS2_PLACEMENT_3D ( 'NONE', #1611, #1482, #581 ) ;
#1468 = VERTEX_POINT ( 'NONE', #1123 ) ;
#1469 = CIRCLE ( 'NONE', #823, 4.000000000000000000 ) ;
#1470 = CARTESIAN_POINT ( 'NONE',  ( 0.000000000000000000, 0.000000000000000000, 0.000000000000000000 ) ) ;
#1471 = UNCERTAINTY_MEASURE_WITH_UNIT (LENGTH_MEASURE( 1.000000000000000082E-05 ), #1139, 'distance_accuracy_value', 'NONE');
#1472 = EDGE_CURVE ( 'NONE', #975, #1127, #1649, .T. ) ;
#1473 = DIRECTION ( 'NONE',  ( 1.000000000000000000, 0.000000000000000000, 0.000000000000000000 ) ) ;
#1474 = CARTESIAN_POINT ( 'NONE',  ( 0.000000000000000000, 0.000000000000000000, -165.0000000000000284 ) ) ;
#1475 = ORIENTED_EDGE ( 'NONE', *, *, #208, .F. ) ;
#1476 = VECTOR ( 'NONE', #1205, 999.9999999999998863 ) ;
#1477 = DIRECTION ( 'NONE',  ( 3.430248998885766570E-15, -1.000000000000000000, -3.491481338843133355E-15 ) ) ;
#1478 = VERTEX_POINT ( 'NONE', #221 ) ;
#1479 = AXIS2_PLACEMENT_3D ( 'NONE', #1634, #626, #608 ) ;
#1480 = CARTESIAN_POINT ( 'NONE',  ( 114.1244423366296843, 93.55359154352461815, 2.568109922791062750E-13 ) ) ;
#1481 = ADVANCED_FACE ( 'NONE', ( #1264 ), #462, .F. ) ;
#1482 = DIRECTION ( 'NONE',  ( -3.430248998885766570E-15, 1.000000000000000000, 3.491481338843133355E-15 ) ) ;
#1483 = DIRECTION ( 'NONE',  ( -1.000000000000000000, -3.430248998885766964E-15, -1.220536858881497315E-29 ) ) ;
#1484 = CIRCLE ( 'NONE', #1592, 4.999999999999997335 ) ;
#1485 = TOROIDAL_SURFACE ( 'NONE', #22, 83.78217822076378241, 5.000000000000000000 ) ;
#1486 = ORIENTED_EDGE ( 'NONE', *, *, #1041, .F. ) ;
#1487 = LINE ( 'NONE', #323, #1446 ) ;
#1488 = EDGE_LOOP ( 'NONE', ( #1652, #1075, #458, #325 ) ) ;
#1489 = CONICAL_SURFACE ( 'NONE', #982, 111.7999999999998550, 0.1047197551196561716 ) ;
#1490 = CARTESIAN_POINT ( 'NONE',  ( 199.0877267423359172, 92.03459154352479743, -165.0100000000000477 ) ) ;
#1491 = DIRECTION ( 'NONE',  ( 1.000000000000000000, 3.451672858941475884E-15, 1.226280538070581331E-29 ) ) ;
#1492 = CARTESIAN_POINT ( 'NONE',  ( -4.208915521632833629E-13, 142.6999999999999886, 4.284047602760523680E-13 ) ) ;
#1493 = ORIENTED_EDGE ( 'NONE', *, *, #19, .T. ) ;
#1494 = DIRECTION ( 'NONE',  ( 0.1045284632676562048, -0.9945218953682731788, 0.000000000000000000 ) ) ;
#1495 = VERTEX_POINT ( 'NONE', #1245 ) ;
#1496 = DIRECTION ( 'NONE',  ( 1.000000000000000000, 3.430248998885766570E-15, 0.000000000000000000 ) ) ;
#1497 = CARTESIAN_POINT ( 'NONE',  ( 0.000000000000000000, 0.000000000000000000, 0.000000000000000000 ) ) ;
#1498 = DIRECTION ( 'NONE',  ( -1.000000000000000000, -3.430248998885766570E-15, -1.218776466865438876E-29 ) ) ;
#1499 = CARTESIAN_POINT ( 'NONE',  ( -24.12358593926074235, 134.2956763136713221, 4.008860168540236247E-13 ) ) ;
#1500 = CIRCLE ( 'NONE', #39, 3.999999999999996447 ) ;
#1501 = EDGE_CURVE ( 'NONE', #1564, #1530, #589, .T. ) ;
#1502 = ORIENTED_EDGE ( 'NONE', *, *, #1539, .T. ) ;
#1503 = CARTESIAN_POINT ( 'NONE',  ( -116.8256544695237267, 93.55359154352380813, -4.930380657631323784E-29 ) ) ;
#1504 = EDGE_CURVE ( 'NONE', #679, #90, #1350, .T. ) ;
#1505 = ORIENTED_EDGE ( 'NONE', *, *, #1021, .F. ) ;
#1506 = CARTESIAN_POINT ( 'NONE',  ( 38.22352859571801531, 71.98188614692935516, 0.000000000000000000 ) ) ;
#1507 = AXIS2_PLACEMENT_3D ( 'NONE', #1470, #1354, #1322 ) ;
#1508 = EDGE_CURVE ( 'NONE', #607, #1267, #214, .T. ) ;
#1509 =( NAMED_UNIT ( * ) PLANE_ANGLE_UNIT ( ) SI_UNIT ( $, .RADIAN. ) );
#1510 = DIRECTION ( 'NONE',  ( 0.000000000000000000, 0.000000000000000000, -1.000000000000000000 ) ) ;
#1511 = DIRECTION ( 'NONE',  ( 0.1045284632676352493, 0.9945218953682752883, -0.000000000000000000 ) ) ;
#1512 = EDGE_LOOP ( 'NONE', ( #1514, #1215, #60, #252, #106, #1004, #1351, #841, #586, #891, #1582, #1362, #429, #657, #762, #757, #1117, #1088, #1275, #115, #874, #622, #1505, #911, #466, #243, #544, #1031 ) ) ;
#1513 = DIRECTION ( 'NONE',  ( -3.430248998885766570E-15, 1.000000000000000000, 3.491481338843133355E-15 ) ) ;
#1514 = ORIENTED_EDGE ( 'NONE', *, *, #524, .F. ) ;
#1515 = CARTESIAN_POINT ( 'NONE',  ( -58.24360147529161225, 167.5999999999998238, 5.153426456132465590E-13 ) ) ;
#1516 = EDGE_CURVE ( 'NONE', #818, #677, #1456, .T. ) ;
#1517 = DIRECTION ( 'NONE',  ( 0.000000000000000000, 3.491481338843133355E-15, -1.000000000000000000 ) ) ;
#1518 = FACE_OUTER_BOUND ( 'NONE', #800, .T. ) ;
#1519 = CARTESIAN_POINT ( 'NONE',  ( -153.2058596236243488, -1149.452843711816513, 0.000000000000000000 ) ) ;
#1520 = ORIENTED_EDGE ( 'NONE', *, *, #988, .F. ) ;
#1521 = CARTESIAN_POINT ( 'NONE',  ( 0.000000000000000000, 157.5773576836617451, 37.12616090293793292 ) ) ;
#1522 = ORIENTED_EDGE ( 'NONE', *, *, #601, .F. ) ;
#1523 = DIRECTION ( 'NONE',  ( 0.000000000000000000, 0.9945218953682740670, 0.1045284632676466846 ) ) ;
#1524 =( LENGTH_UNIT ( ) NAMED_UNIT ( * ) SI_UNIT ( .MILLI., .METRE. ) );
#1525 = CIRCLE ( 'NONE', #1302, 165.0000000000000284 ) ;
#1526 = CARTESIAN_POINT ( 'NONE',  ( 0.000000000000000000, 92.03459154352472638, 165.0000000000000284 ) ) ;
#1527 = CIRCLE ( 'NONE', #655, 25.72352859571843098 ) ;
#1528 = FACE_OUTER_BOUND ( 'NONE', #1512, .T. ) ;
#1529 = EDGE_CURVE ( 'NONE', #488, #401, #508, .T. ) ;
#1530 = VERTEX_POINT ( 'NONE', #1227 ) ;
#1531 = DIRECTION ( 'NONE',  ( 0.000000000000000000, 0.000000000000000000, -1.000000000000000000 ) ) ;
#1532 = VERTEX_POINT ( 'NONE', #455 ) ;
#1533 = DIRECTION ( 'NONE',  ( -0.000000000000000000, -1.000000000000000000, -0.000000000000000000 ) ) ;
#1534 =( NAMED_UNIT ( * ) SI_UNIT ( $, .STERADIAN. ) SOLID_ANGLE_UNIT ( ) );
#1535 = VECTOR ( 'NONE', #216, 1000.000000000000000 ) ;
#1536 = CARTESIAN_POINT ( 'NONE',  ( 0.000000000000000000, 129.8183186300096281, 19.15097646241936502 ) ) ;
#1537 = CARTESIAN_POINT ( 'NONE',  ( 108.1983838228083101, 68.40000000000033253, 1.829536221553800364E-13 ) ) ;
#1538 = DIRECTION ( 'NONE',  ( -1.000000000000000000, -3.430248998885766570E-15, -1.218009038852416994E-29 ) ) ;
#1539 = EDGE_CURVE ( 'NONE', #456, #625, #191, .T. ) ;
#1540 = ORIENTED_EDGE ( 'NONE', *, *, #528, .F. ) ;
#1541 = CARTESIAN_POINT ( 'NONE',  ( -5.200257482310822641E-13, 171.6000000000000227, 5.293085709686190419E-13 ) ) ;
#1542 = AXIS2_PLACEMENT_3D ( 'NONE', #523, #1436, #1053 ) ;
#1543 = DIRECTION ( 'NONE',  ( 1.000000000000000000, 0.000000000000000000, 0.000000000000000000 ) ) ;
#1544 = VECTOR ( 'NONE', #57, 1000.000000000000000 ) ;
#1545 = ORIENTED_EDGE ( 'NONE', *, *, #1378, .T. ) ;
#1546 = FACE_OUTER_BOUND ( 'NONE', #1397, .T. ) ;
#1547 = EDGE_CURVE ( 'NONE', #180, #387, #109, .T. ) ;
#1548 = VERTEX_POINT ( 'NONE', #593 ) ;
#1549 = CARTESIAN_POINT ( 'NONE',  ( -2.853338792450455382E-13, 103.1816813699907840, 2.904272882369183195E-13 ) ) ;
#1550 = SHAPE_DEFINITION_REPRESENTATION ( #42, #113 ) ;
#1551 = ADVANCED_FACE ( 'NONE', ( #1389 ), #993, .F. ) ;
#1552 = PLANE ( 'NONE',  #843 ) ;
#1553 = CIRCLE ( 'NONE', #571, 4.000000000000003553 ) ;
#1554 = ORIENTED_EDGE ( 'NONE', *, *, #19, .F. ) ;
#1555 = CARTESIAN_POINT ( 'NONE',  ( 23.65299668390780852, 129.8183186300097418, 3.834286101598082230E-13 ) ) ;
#1556 = ADVANCED_FACE ( 'NONE', ( #620 ), #372, .F. ) ;
#1557 = ORIENTED_EDGE ( 'NONE', *, *, #1431, .T. ) ;
#1558 = DIRECTION ( 'NONE',  ( -1.000000000000000000, -3.481792112035016329E-15, -1.191166933490106448E-29 ) ) ;
#1559 = CIRCLE ( 'NONE', #470, 165.0000000000000284 ) ;
#1560 = FACE_OUTER_BOUND ( 'NONE', #667, .T. ) ;
#1561 = CIRCLE ( 'NONE', #1262, 4.000000000000000000 ) ;
#1562 = VERTEX_POINT ( 'NONE', #1358 ) ;
#1563 = DIRECTION ( 'NONE',  ( 3.430248998885766570E-15, -1.000000000000000000, -3.491481338843133355E-15 ) ) ;
#1564 = VERTEX_POINT ( 'NONE', #87 ) ;
#1565 = ORIENTED_EDGE ( 'NONE', *, *, #983, .F. ) ;
#1566 = LINE ( 'NONE', #1433, #339 ) ;
#1567 = AXIS2_PLACEMENT_3D ( 'NONE', #912, #1, #135 ) ;
#1568 = AXIS2_PLACEMENT_3D ( 'NONE', #1429, #1030, #1538 ) ;
#1569 = LINE ( 'NONE', #278, #1045 ) ;
#1570 = LINE ( 'NONE', #534, #618 ) ;
#1571 = VERTEX_POINT ( 'NONE', #1499 ) ;
#1572 = DIRECTION ( 'NONE',  ( 1.000000000000000000, 0.000000000000000000, 0.000000000000000000 ) ) ;
#1573 = APPLICATION_PROTOCOL_DEFINITION ( 'draft international standard', 'automotive_design', 1998, #1355 ) ;
#1574 = CARTESIAN_POINT ( 'NONE',  ( 0.000000000000000000, 240.0000000000000000, 0.000000000000000000 ) ) ;
#1575 = EDGE_CURVE ( 'NONE', #1267, #1029, #985, .T. ) ;
#1576 = LINE ( 'NONE', #410, #359 ) ;
#1577 = CARTESIAN_POINT ( 'NONE',  ( 32.15355142609557504, 81.90000000000020464, 2.161226948743902892E-13 ) ) ;
#1578 = EDGE_CURVE ( 'NONE', #1478, #110, #472, .T. ) ;
#1579 = AXIS2_PLACEMENT_3D ( 'NONE', #850, #592, #353 ) ;
#1580 = EDGE_LOOP ( 'NONE', ( #1672, #1353, #171, #770 ) ) ;
#1581 = CARTESIAN_POINT ( 'NONE',  ( 24.12358593925994299, 103.7043236863290474, 2.904272882369183195E-13 ) ) ;
#1582 = ORIENTED_EDGE ( 'NONE', *, *, #1529, .T. ) ;
#1583 = DIRECTION ( 'NONE',  ( 0.000000000000000000, -0.000000000000000000, -1.000000000000000000 ) ) ;
#1584 = PRESENTATION_LAYER_ASSIGNMENT (  '', '', ( #1259 ) ) ;
#1585 = CARTESIAN_POINT ( 'NONE',  ( 0.000000000000000000, -1149.452843711815603, -153.2058596236324490 ) ) ;
#1586 = SURFACE_SIDE_STYLE ('',( #1455 ) ) ;
#1587 = ORIENTED_EDGE ( 'NONE', *, *, #1418, .F. ) ;
#1588 = DIRECTION ( 'NONE',  ( 1.000000000000000000, 0.000000000000000000, 0.000000000000000000 ) ) ;
#1589 = EDGE_CURVE ( 'NONE', #737, #362, #345, .T. ) ;
#1590 = ORIENTED_EDGE ( 'NONE', *, *, #1155, .F. ) ;
#1591 = FACE_OUTER_BOUND ( 'NONE', #526, .T. ) ;
#1592 = AXIS2_PLACEMENT_3D ( 'NONE', #1577, #803, #1310 ) ;
#1593 = DIRECTION ( 'NONE',  ( 0.000000000000000000, -0.000000000000000000, -1.000000000000000000 ) ) ;
#1594 = EDGE_LOOP ( 'NONE', ( #270, #1023, #805, #640 ) ) ;
#1595 = CARTESIAN_POINT ( 'NONE',  ( -2.470965855273206278E-13, 92.03459154352478322, 2.515074321254039570E-13 ) ) ;
#1596 = ORIENTED_EDGE ( 'NONE', *, *, #1083, .T. ) ;
#1597 = CARTESIAN_POINT ( 'NONE',  ( -70.18603997552783369, 146.6999999999997328, 4.598280923256406061E-13 ) ) ;
#1598 = ADVANCED_FACE ( 'NONE', ( #1528 ), #1552, .T. ) ;
#1599 = CARTESIAN_POINT ( 'NONE',  ( -3.471411986872392345E-13, 121.1999999999999460, 3.533379114909249188E-13 ) ) ;
#1600 = CARTESIAN_POINT ( 'NONE',  ( 0.000000000000000000, 0.000000000000000000, 0.000000000000000000 ) ) ;
#1601 = VERTEX_POINT ( 'NONE', #1536 ) ;
#1602 = CARTESIAN_POINT ( 'NONE',  ( 38.59999999999982379, 171.6000000000001364, 5.293085709686196477E-13 ) ) ;
#1603 = EDGE_CURVE ( 'NONE', #1633, #921, #807, .T. ) ;
#1604 = AXIS2_PLACEMENT_3D ( 'NONE', #320, #211, #454 ) ;
#1605 = EDGE_LOOP ( 'NONE', ( #994, #1085, #1019, #122 ) ) ;
#1606 = AXIS2_PLACEMENT_3D ( 'NONE', #619, #269, #774 ) ;
#1607 = LINE ( 'NONE', #298, #663 ) ;
#1608 = PRODUCT_DEFINITION_CONTEXT ( 'detailed design', #138, 'design' ) ;
#1609 = EDGE_CURVE ( 'NONE', #387, #863, #1285, .T. ) ;
#1610 = CIRCLE ( 'NONE', #442, 144.3107064399679302 ) ;
#1611 = CARTESIAN_POINT ( 'NONE',  ( -5.063047522355388980E-13, 167.6000000000000227, 5.153426456132465590E-13 ) ) ;
#1612 = CARTESIAN_POINT ( 'NONE',  ( -2.523071337566258193E-13, 93.55359154352413498, 2.568109922791046089E-13 ) ) ;
#1613 = ORIENTED_EDGE ( 'NONE', *, *, #628, .F. ) ;
#1614 = CIRCLE ( 'NONE', #1182, 29.49140770665987432 ) ;
#1615 = DIRECTION ( 'NONE',  ( 1.000000000000000000, 3.430248998885766570E-15, 0.000000000000000000 ) ) ;
#1616 = ORIENTED_EDGE ( 'NONE', *, *, #1504, .T. ) ;
#1617 = FACE_OUTER_BOUND ( 'NONE', #1448, .T. ) ;
#1618 = DIRECTION ( 'NONE',  ( 0.000000000000000000, -0.9945218953682731788, -0.1045284632676562603 ) ) ;
#1619 = ADVANCED_FACE ( 'NONE', ( #1396 ), #125, .F. ) ;
#1620 = CIRCLE ( 'NONE', #898, 38.22352859571817874 ) ;
#1621 =( GEOMETRIC_REPRESENTATION_CONTEXT ( 3 ) GLOBAL_UNCERTAINTY_ASSIGNED_CONTEXT ( ( #1217 ) ) GLOBAL_UNIT_ASSIGNED_CONTEXT ( ( #1524, #860, #1261 ) ) REPRESENTATION_CONTEXT ( 'NONE', 'WORKASPACE' ) );
#1622 = ORIENTED_EDGE ( 'NONE', *, *, #74, .F. ) ;
#1623 = DIRECTION ( 'NONE',  ( 1.000000000000000000, 3.463085654076125183E-15, 1.207551192642562076E-29 ) ) ;
#1624 = ORIENTED_EDGE ( 'NONE', *, *, #1257, .F. ) ;
#1625 = DIRECTION ( 'NONE',  ( -1.394137954649049818E-16, 1.000000000000000000, 0.000000000000000000 ) ) ;
#1626 = DIRECTION ( 'NONE',  ( 0.000000000000000000, 0.000000000000000000, 1.000000000000000000 ) ) ;
#1627 = EDGE_CURVE ( 'NONE', #1078, #266, #1404, .T. ) ;
#1628 = DIRECTION ( 'NONE',  ( 3.430248998885766570E-15, -1.000000000000000000, -3.491481338843133355E-15 ) ) ;
#1629 = CARTESIAN_POINT ( 'NONE',  ( -2.326709662707912327E-13, 87.82917693332714748, 2.368243054918008247E-13 ) ) ;
#1630 = ORIENTED_EDGE ( 'NONE', *, *, #1323, .F. ) ;
#1631 = PLANE ( 'NONE',  #204 ) ;
#1632 = EDGE_CURVE ( 'NONE', #1171, #315, #1154, .T. ) ;
#1633 = VERTEX_POINT ( 'NONE', #513 ) ;
#1634 = CARTESIAN_POINT ( 'NONE',  ( -2.315952903013544280E-13, 87.51559154352418091, 2.357294279551699544E-13 ) ) ;
#1635 = AXIS2_PLACEMENT_3D ( 'NONE', #344, #86, #570 ) ;
#1636 = LINE ( 'NONE', #471, #1022 ) ;
#1637 = DIRECTION ( 'NONE',  ( 3.430248998885766570E-15, -1.000000000000000000, -3.491481338843133355E-15 ) ) ;
#1638 = AXIS2_PLACEMENT_3D ( 'NONE', #641, #771, #1313 ) ;
#1639 = ORIENTED_EDGE ( 'NONE', *, *, #1609, .F. ) ;
#1640 = CARTESIAN_POINT ( 'NONE',  ( -107.6170715407787668, 121.1999999999995055, 3.393719861355521330E-13 ) ) ;
#1641 = CIRCLE ( 'NONE', #621, 4.000000000000003553 ) ;
#1642 = EDGE_CURVE ( 'NONE', #501, #1562, #319, .T. ) ;
#1643 = ORIENTED_EDGE ( 'NONE', *, *, #254, .T. ) ;
#1644 = CARTESIAN_POINT ( 'NONE',  ( -2.874686294513771466E-13, 108.1816813699907698, 0.000000000000000000 ) ) ;
#1645 = CIRCLE ( 'NONE', #674, 111.5951591222515162 ) ;
#1646 = TOROIDAL_SURFACE ( 'NONE', #392, 32.15355142609579531, 5.000000000000000000 ) ;
#1647 = VECTOR ( 'NONE', #1454, 1000.000000000000114 ) ;
#1648 = DIRECTION ( 'NONE',  ( 1.000000000000000000, 3.442139471639485335E-15, 1.190712188035818218E-29 ) ) ;
#1649 = LINE ( 'NONE', #1519, #346 ) ;
#1650 = EDGE_LOOP ( 'NONE', ( #1046, #903, #313, #1289 ) ) ;
#1651 = DIRECTION ( 'NONE',  ( 3.430248998885766570E-15, -1.000000000000000000, -3.491481338843133355E-15 ) ) ;
#1652 = ORIENTED_EDGE ( 'NONE', *, *, #654, .F. ) ;
#1653 = CARTESIAN_POINT ( 'NONE',  ( 0.000000000000000000, 240.0000000000000000, 165.0000000000000284 ) ) ;
#1654 = EDGE_CURVE ( 'NONE', #362, #776, #1188, .T. ) ;
#1655 = DIRECTION ( 'NONE',  ( -1.000000000000000000, -3.430248998885766570E-15, -1.219508745007918746E-29 ) ) ;
#1656 = CARTESIAN_POINT ( 'NONE',  ( -1.425798322509661983E-12, 435.6544679330269787, 0.000000000000000000 ) ) ;
#1657 = ORIENTED_EDGE ( 'NONE', *, *, #594, .F. ) ;
#1658 = CARTESIAN_POINT ( 'NONE',  ( -2.294836580254574455E-13, 86.89999999999994884, 2.335801015686054637E-13 ) ) ;
#1659 = ORIENTED_EDGE ( 'NONE', *, *, #1418, .T. ) ;
#1660 = VECTOR ( 'NONE', #1325, 1000.000000000000227 ) ;
#1661 = AXIS2_PLACEMENT_3D ( 'NONE', #520, #531, #103 ) ;
#1662 = LINE ( 'NONE', #469, #753 ) ;
#1663 = ORIENTED_EDGE ( 'NONE', *, *, #882, .F. ) ;
#1664 = DIRECTION ( 'NONE',  ( -3.430248998885766570E-15, 1.000000000000000000, 3.491481338843133355E-15 ) ) ;
#1665 = EDGE_CURVE ( 'NONE', #1495, #795, #497, .T. ) ;
#1666 = VECTOR ( 'NONE', #758, 1000.000000000000000 ) ;
#1667 = ORIENTED_EDGE ( 'NONE', *, *, #1472, .F. ) ;
#1668 = DIRECTION ( 'NONE',  ( 3.430248998885766570E-15, -1.000000000000000000, -3.491481338843133355E-15 ) ) ;
#1669 = AXIS2_PLACEMENT_3D ( 'NONE', #1328, #1086, #181 ) ;
#1670 = CIRCLE ( 'NONE', #525, 70.18603997552739315 ) ;
#1671 = DIRECTION ( 'NONE',  ( -3.430248998885766570E-15, 1.000000000000000000, 3.491481338843133355E-15 ) ) ;
#1672 = ORIENTED_EDGE ( 'NONE', *, *, #507, .F. ) ;
#1673 = FACE_OUTER_BOUND ( 'NONE', #117, .T. ) ;
#1674 = ADVANCED_FACE ( 'NONE', ( #1410 ), #1485, .T. ) ;
#1675 = EDGE_LOOP ( 'NONE', ( #838, #1010, #1565, #522 ) ) ;
#1676 =( LENGTH_UNIT ( ) NAMED_UNIT ( * ) SI_UNIT ( .MILLI., .METRE. ) );
#1677 = VECTOR ( 'NONE', #902, 1000.000000000000000 ) ;
#1678 = VERTEX_POINT ( 'NONE', #878 ) ;
#1679 = NEXT_ASSEMBLY_USAGE_OCCURRENCE ( 'NAUO1', ' ', ' ', #1305, #352, $ ) ;
#1680 = NEXT_ASSEMBLY_USAGE_OCCURRENCE ( 'NAUO2', ' ', ' ', #1305, #775, $ ) ;
ENDSEC;
END-ISO-10303-21;
